above_otsu_ratio,area_std,avg_area,avg_eccentricity,avg_solidity,below_otsu_ratio,bright_ratio,center_of_mass_x,center_of_mass_y,closing_ratio,coefficient_variation,dark_ratio,dilation_ratio,edge_density,erosion_ratio,glcm_ASM_max,glcm_ASM_mean,glcm_ASM_min,glcm_ASM_std,glcm_contrast_max,glcm_contrast_mean,glcm_contrast_min,glcm_contrast_std,glcm_correlation_max,glcm_correlation_mean,glcm_correlation_min,glcm_correlation_std,glcm_dissimilarity_max,glcm_dissimilarity_mean,glcm_dissimilarity_min,glcm_dissimilarity_std,glcm_energy_max,glcm_energy_mean,glcm_energy_min,glcm_energy_std,glcm_homogeneity_max,glcm_homogeneity_mean,glcm_homogeneity_min,glcm_homogeneity_std,gradient_h_mean,gradient_h_std,gradient_magnitude_mean,gradient_magnitude_std,gradient_max,gradient_mean,gradient_min,gradient_std,gradient_v_mean,gradient_v_std,hist_contrast,hist_entropy,hist_kurtosis,hist_mean,hist_peak,hist_skewness,hist_uniformity,hist_variance,horizontal_range,horizontal_variation,iqr_intensity,kurtosis,level_0_ratio,level_1_ratio,level_2_ratio,level_3_ratio,level_4_ratio,max_area,max_intensity,mean_intensity,median_intensity,medium_ratio,min_area,min_intensity,num_components,object_area_ratio,opening_ratio,otsu_threshold,percentile_10,percentile_25,percentile_5,percentile_50,percentile_75,percentile_90,percentile_95,range_intensity,skewness,spatial_moment_x,spatial_moment_y,std_intensity,total_area,var_intensity,vertical_range,vertical_variation,label
0.582525032902744,16267.364620582359,2173.359375,0.5863719576268487,0.9470213286858669,0.41747496709725596,0.02677190043774058,1343.2511919961037,813.1500412296037,1.0124806786728495,0.25242645661360846,0.16254986983303146,1.1440670045652253,0.09995833006712572,0.8559042381106438,0.7803703026225182,0.7789117531717821,0.7770296816358324,0.0009477325099366286,1.205796386567626,0.5330885592713267,0.1045780016598151,0.30936975745542056,0.9974703576381638,0.9871227643357358,0.9708907009110581,0.007465455309631425,0.1124584107087589,0.059052676160054246,0.018853376565726745,0.026058455698291388,0.8833857043344759,0.8825596097640984,0.8814928710068122,0.000537014733901889,0.9930292555214212,0.9846155580470234,0.9761806624318732,0.004752745969026833,0.00029427013749459894,0.06193735238094143,0.020375450276747243,0.06360164005686382,0.5989738758577166,0.014407619060417287,0.0,0.04497315097879436,-0.00023780418302702972,0.024978967676804954,26.96834354595033,3.8610017417801705,2.5059488398822354,14.068639868636568,136,-0.15339417400664593,0.07807718530085864,13.484171772975163,79.36112274821951,21.805954349740865,46.0,-0.505252337535306,0.01804184321378326,0.319711528543904,0.5618881017901568,0.10035440071622775,4.125735928146183e-06,131200.0,205,116.14313415655518,119.0,0.810678229729228,1.0,29,64,0.5738692389254934,0.9864121643481074,112,78.0,93.0,69.0,119.0,139.0,153.0,162.0,176,-0.1590488223763052,2075068557127.564,215793220862.75464,29.317599817662447,139095.0,859.5216590686013,80.97446250488271,21.556652561467182,rong
0.584583775130889,17280.851990974017,2581.277777777778,0.5800019180986254,0.9398647249949511,0.415416224869111,0.03249429617007934,1341.2716451860938,813.2891800650332,1.0129637202361736,0.25129158140651303,0.1553628378462008,1.1400684415556464,0.09999546169047904,0.8593719733981878,0.7803754354397954,0.7789196860339332,0.777036189109536,0.0009472188999430607,1.2249110182606007,0.5408239643895301,0.10504217088375503,0.3146802215600153,0.9975037845575925,0.9871655109155891,0.97094894194894,0.007460185404781337,0.11194192974311361,0.05832682942862145,0.018229015884044547,0.02605988855843791,0.8833886095257258,0.8825641041671002,0.8814965621654665,0.0005367212097759064,0.9933475534150281,0.9850766553786836,0.976652185540414,0.004677224567141852,0.0003152507181409658,0.06241610138854592,0.02021119287497851,0.06413547564993743,0.593111326608786,0.014291471537766534,0.0,0.04535062974669545,-0.00024948972331763196,0.025018397502452615,27.22175354569689,3.8651052315959356,2.4728344671852223,14.207739055454017,136,-0.12217143678282605,0.07780658430343769,13.610876772848446,81.34545454545454,23.054696919845643,46.0,-0.527856815458994,0.013957364644918537,0.31668736410857284,0.5586906564458435,0.11065636332880878,8.251471856292365e-06,128250.0,206,117.18723827362706,120.0,0.8121428659837199,1.0,31,54,0.5750822052883683,0.9875169489701483,113,78.0,94.0,70.0,120.0,140.0,155.0,164.0,175,-0.1291816168504123,2117882461273.3452,216141580266.72018,29.448166428954508,139389.0,867.1945060274032,81.6178722594759,21.165829883152202,rong
0.5719012628877677,10968.62704833398,2099.5384615384614,0.758538250881269,0.899848253606521,0.4280987371122324,0.045556376118590154,1336.866499756657,813.9313019108357,1.0164358467062358,0.24577815683685447,0.13331077931025948,1.1439657067487359,0.0999913359545509,0.8541291126254854,0.7803489877306571,0.7788952094616218,0.7770178715751105,0.0009455496812898024,1.244044993809966,0.5494292391472108,0.10796228745681585,0.31869524757150075,0.9975321956256907,0.9874583254802553,0.9716198822277881,0.007267332665467493,0.1115627901578459,0.05830630238106604,0.018460617991623726,0.02593428458667722,0.8833736399342337,0.8825502378888584,0.8814861720838907,0.0005357834838064277,0.9932860796817172,0.9850989545101513,0.9768986682430723,0.004631431975807124,0.00033258285387832454,0.06257062125102562,0.019995521117253258,0.06437196416574097,0.6057982681674857,0.014138968575368586,0.0,0.04551785237989288,-0.00024942905073045343,0.025066215617053512,27.248705743336036,3.857552726147787,2.323446731778996,14.513002256777554,128,0.05097372354458256,0.07726981659682455,13.624352871668016,89.53597472046671,25.763264138333916,44.0,-0.6891128088432708,0.0015430252371266724,0.31927832627144864,0.5439906593338587,0.13518798915756597,0.0,70436.0,199,119.62186392497762,122.0,0.8211328445711504,1.0,35,65,0.5630391821141096,0.9858137319557412,116,80.0,96.0,73.0,122.0,140.0,160.0,169.0,164,0.04854305791840328,2217332163811.6055,217577122683.60413,29.400441235327794,136470.0,864.3859448319628,77.16069464089267,19.45968657327422,rong
0.5350336866338533,9162.039633913475,1516.357142857143,0.709715249575175,0.9176888987490434,0.4649663133661467,0.06489370041381132,1334.0839490262447,815.4390546846496,1.0156232826165466,0.257644112343393,0.13204830411624674,1.1599541507686026,0.0999913359545509,0.8491685901361345,0.7803014631254157,0.7788524941598158,0.7769819662566201,0.0009415887224279488,1.1263463324048284,0.49904287480692616,0.0990639414818675,0.2907776302438648,0.9977924000667323,0.9888942998199822,0.97494956039503,0.006464315814068137,0.11321378830083567,0.06003787080069034,0.019857950707351434,0.026036652615184633,0.8833467400321438,0.8825260389816378,0.8814658054948133,0.0005335533679162208,0.9925375125041764,0.9838543942782869,0.9752917078131416,0.004864930930391975,0.0009082767197422358,0.0603329446870364,0.021265660125953722,0.06216170964464119,0.6346257983119831,0.015037092481470246,0.0,0.043954966419875,-3.8239909279111814e-05,0.025988763014771876,30.516401651023916,3.93871580857866,2.440514081001147,14.644703999075835,128,0.13217688436405026,0.07433368305032143,15.258200825511958,123.10588235294117,23.512115842045883,45.0,-0.574142796683661,0.0017493120335339816,0.3113816677049769,0.5361063779751714,0.1505027209228446,0.0002599213634732095,61969.0,209,120.66593091042614,122.0,0.8030579954699419,1.0,19,84,0.5255114881116919,0.9831048722659256,119,79.0,96.0,71.0,122.0,141.0,163.0,175.0,190,0.1251497073221232,2195501438924.642,216934766598.71854,31.08886666208237,127374.0,966.5176303327366,77.0357271743053,18.71363429914697,rong
0.5275042185649865,9444.061709487565,1634.5454545454545,0.6601093651673866,0.9179840214564927,0.4724957814350135,0.06366423110722375,1335.452917889985,815.9602473679511,1.0163991736850468,0.26223949357504917,0.1363679496330158,1.160448116955347,0.09999546169047904,0.8460670586365804,0.7802897922596832,0.7788412711483116,0.7769750089221878,0.0009405121969357404,1.1367842773135248,0.5070855487077578,0.10320672418119005,0.2925915764119779,0.9976891257233048,0.9886615488256507,0.9745970183486276,0.006535532633357974,0.11512979727638499,0.06187439709384853,0.02114527242197904,0.026257588644987083,0.88334013395729,0.8825196808660963,0.8814618590286184,0.0005329468220863881,0.9920562338171092,0.9832480300098337,0.9747731526835618,0.004917448425321627,0.000923040382622367,0.060813126882436945,0.021990715396670628,0.06283325959240488,0.6495088790226489,0.01554978398012922,0.0,0.04442982394184417,-3.9396733274650784e-05,0.027065108863516308,31.250114689381206,3.957158021003945,2.4732874031859353,14.588028764630891,128,0.12370497252776402,0.07380167934220691,15.625057344690603,117.42857142857142,22.472762825174787,46.0,-0.5378630820518064,0.002718859976648335,0.3149256748672544,0.5303592278272636,0.1516455497749411,0.00035068755389242555,62203.0,245,120.22958070145762,122.0,0.7999678192597605,1.0,0,77,0.5192651239164786,0.9823454632130939,119,78.0,95.0,70.0,122.0,141.0,162.0,175.0,245,0.11948087566520436,2162707721927.1028,215847804796.7224,31.528944358513144,125860.0,994.0743323622178,76.13991178029521,18.771326412843962,rong
0.6185592104991728,12066.423707989174,1674.8863636363637,0.653828315020086,0.904953126877868,0.3814407895008272,0.103494085757547,1306.4361609353443,800.8092298543521,1.020021711106588,0.4356038893579166,0.21162962443425845,1.1534228916480087,0.09999958742640719,0.8508786213447317,0.7925840571058205,0.7910602688329521,0.7891167793908331,0.0009849994927742147,1.1244912565769114,0.4696520531667532,0.0859629822631386,0.2925117797600174,0.9980926846752547,0.9895943115834815,0.9751004791057756,0.006474621090013906,0.12303369699783352,0.06362933052402088,0.01939571150097466,0.02878188250903021,0.8902719006605906,0.8894155171286648,0.8883224523734797,0.0005538264185413381,0.9922614936167743,0.9820944566096405,0.9722036705541605,0.005515085918555672,-0.0018292987276311294,0.06418282525270871,0.024258470047269068,0.06417611446309365,0.7037617929982569,0.017153328671634712,0.0,0.045379365727057586,-8.446028619178476e-05,0.024171440003023185,76.21338226933307,4.304345031325624,3.9290128780937468,13.735086496053732,128,-0.018771130847860473,0.06599546600503665,38.106691134666534,147.2316818774446,28.097808355063382,47.0,0.9764765322903775,0.10027601173359298,0.25638560778278824,0.5004847739715572,0.10072571694976092,0.04212788956230067,110780.0,255,113.44763822246793,115.0,0.6848762898081945,1.0,0,88,0.6080922184494659,0.976056720265961,105,50.0,89.0,6.0,115.0,136.0,172.0,197.0,255,-0.000192752028748485,1981844625981.7566,148615763882.75778,49.418232452532905,147390.0,2442.1616987325765,136.21142210913203,45.57372348651438,rong
0.5837173705859783,11490.436697751575,1578.9204545454545,0.6873968703433672,0.9071922489806322,0.4162826294140217,0.11033868166234152,1305.3528867675498,800.7408545862951,1.0191154773471518,0.4373174804123146,0.2130076202342593,1.166490337903487,0.09999958742640719,0.8459318435352118,0.792738829550492,0.7912081180567118,0.7892699554519892,0.0009823162302831662,1.139094900959455,0.47747249264261304,0.08873159245749136,0.29584280617971165,0.9980462827506306,0.9895017755992678,0.9749696428086985,0.006498324671601113,0.1221313060971835,0.06302324741298705,0.018994267847837414,0.02867142721814116,0.8903588206731553,0.8894986301623927,0.8884086646650792,0.0005522643739423926,0.9925329035351703,0.9825173789222368,0.9728225032519323,0.005426763513171644,-0.0018229766440471169,0.06447745812712623,0.023924597846595428,0.06468505944115074,0.7189724448083493,0.016917245374488698,0.0,0.0457392441722926,-6.20073840965501e-05,0.02441052235677851,77.1609997719787,4.321569515099249,3.8808768164112832,13.778303579901063,128,-0.01454291156059052,0.06452762059895391,38.580499885989354,146.66986540378863,28.621714008119092,47.0,0.9171423294927799,0.09826677833658579,0.2598471002265029,0.49562878278412914,0.10174477372401303,0.04451256492876917,105982.0,255,113.791514186343,115.0,0.6766536981033991,1.0,0,88,0.5732503785362714,0.9762567922559287,108,52.0,89.0,6.0,115.0,136.0,176.0,199.0,255,0.00523352267383569,1996456857335.0288,148169624891.4848,49.76301828064685,138945.0,2476.3579883999923,135.41751484308736,45.77890350400709,rong
0.557688102615304,11506.339321445676,1475.5555555555557,0.6062367626527262,0.9415240063306388,0.442311897384696,0.11828897479587921,1301.3778906337036,801.427149967963,1.0193975903614458,0.4413246719681184,0.22649465098336916,1.1688629518072289,0.09999958742640719,0.842085843373494,0.7925210324310458,0.7909659391169127,0.788946896170664,0.0010120522423471775,1.1657594398019189,0.48867644320477965,0.09128307567598863,0.30256490872119685,0.9980038531213002,0.9893289378310337,0.9745589826776323,0.0066005080673463105,0.1222396316929743,0.0629018220049795,0.018986547777584774,0.028705791864236687,0.8902365036500389,0.8893624768719258,0.8882268269820858,0.000569077451670475,0.9926089339993542,0.982946764655729,0.973584579889839,0.005231134030981843,-0.0017038318621848878,0.0650981238470475,0.023909009056231174,0.06534991149224556,0.7443862699414563,0.01690622243511165,0.0,0.04620936556610753,-7.82352787472582e-05,0.02452706166495087,79.07697537238931,4.378280343786328,3.762651732507919,13.789051121993886,128,0.041232767861863036,0.060280602628923194,39.53848768619466,143.65013090808876,29.782761342654872,50.0,0.7929898226123115,0.09688465680065682,0.269418807579802,0.47356434704040334,0.11131235534138402,0.04881983323775378,108792.0,255,113.95150197416464,115.0,0.6552163742207516,1.0,0,90,0.5478977312578132,0.9746310240963856,110,55.0,87.0,6.0,115.0,137.0,174.0,202.0,255,0.05534274003719975,2013325983157.0757,149297814068.60117,50.289609233435854,132800.0,2529.044796851677,132.24382042893492,43.889917927413286,rong
0.5185059885056997,10104.581907427144,1732.6478873239437,0.6589306298983446,0.9092804270199615,0.4814940114943003,0.11102355382641378,1295.04277757582,802.315930377034,1.0193061178038987,0.45134179847929734,0.23674710476481242,1.1656830707701311,0.09999546169047904,0.8398852200490985,0.7920832928407219,0.7905153977526167,0.7884824668791623,0.0010184368935643982,1.2887099582172703,0.54028937602876,0.09993437940285256,0.33476202731913063,0.9978349998908876,0.9883116608641677,0.9721374661497832,0.007234956075040961,0.12723614979882392,0.06551048629107618,0.019784610039951363,0.02982698696801652,0.889990613905968,0.8891091438160462,0.8879653522965647,0.0005728309645674202,0.9923496207607383,0.9825629441275315,0.9730161879768966,0.005305814708476642,-0.001605691930003897,0.06824121900843692,0.024743606409305008,0.06861847648413281,0.7715293858521344,0.017496371883030486,0.0,0.04852059003661996,-0.00014760022524900238,0.02571531390016586,82.92301426687823,4.444109775760835,3.6499324126092105,13.807117719623237,128,0.10962537472477524,0.05625262468939152,41.46150713343911,139.36741955445544,32.40058946648989,54.0,0.6747142608649384,0.0958202169311951,0.2854184115091529,0.45035708244458106,0.10869663876293933,0.05970765035213156,79023.0,255,114.06030175632579,114.0,0.6522293414087738,1.0,0,71,0.5075397824086871,0.9778650278820985,113,55.0,86.0,6.0,114.0,140.0,175.0,214.0,255,0.12101174414489956,2037857338584.9126,148697776495.3708,51.48018173430485,123018.0,2650.2091113970546,132.78826530612247,43.31501294240941,rong
0.5354627631703806,14517.894321091035,1822.2857142857142,0.5740581595541158,0.9344778313336534,0.4645372368296195,0.09290332162999575,1299.9350053526944,803.6613157874813,1.0154829100031357,0.4619628824984135,0.26236379914267205,1.1552602696770147,0.0999913359545509,0.8538413295703983,0.7923185189031169,0.7906654514293118,0.7886021782109525,0.0010496444817729954,1.1877582404828224,0.4821491408592646,0.07762434138150658,0.31395336398296253,0.9982272432116708,0.9890046890660273,0.9729292253209842,0.007153039050546142,0.13523967038068707,0.06956525932746531,0.021002451122305213,0.031556309269753786,0.8901227549631101,0.8891935126553999,0.8880327573974692,0.0005903226771250395,0.9915788252665743,0.9811719976709656,0.9711370836670555,0.005538983427264849,-0.0008964496100815526,0.06796093451657027,0.026957604112860373,0.06733951966719406,0.7713636770924351,0.01906190467274593,0.0,0.0476162309985178,-6.680456332280616e-05,0.02533429737323442,81.6929320967474,4.371396350075285,3.881856553276634,13.377521340369087,128,0.2560176135618952,0.06105841043273419,40.8464660483737,142.21850775193798,28.932714269189965,52.0,0.8981702992411584,0.09727247597790256,0.3186512144103705,0.46138104884458764,0.062166588965306684,0.060528671801832655,122400.0,255,110.61812188249078,112.0,0.6447328792273321,1.0,0,70,0.5262788749943271,0.9757055503292568,108,52.0,83.0,6.0,112.0,135.0,164.0,216.0,255,0.2608181641099532,1932139740082.0928,145581225278.8845,51.1014664460159,127560.0,2611.3598729332884,133.7431570555408,41.54231387724284,rong
0.5216580507548034,12113.902304841684,2011.6935483870968,0.6521379703494291,0.936117828732538,0.47834194924519663,0.08845990403538231,1299.461816904683,804.5294422753122,1.01682100621367,0.4715760496485991,0.2982081928864061,1.1565604329524954,0.0999913359545509,0.8475766686710764,0.7920731415192601,0.7903684086736299,0.7882135771998146,0.0010869255546345799,1.2499941968430826,0.5122902689422645,0.08429737710613165,0.3294319947352101,0.998049458778025,0.9881632478361819,0.9711351344113549,0.007604529905082015,0.14141422934076137,0.07409390118922533,0.023715090807326342,0.03248673578816431,0.8899849108379648,0.8890264534050769,0.887813931631969,0.0006114079003798576,0.990524530884792,0.9799977855854899,0.9699102592526401,0.005593283405140112,-0.0005467813556537268,0.07026491039975999,0.02882797736229257,0.06993552205356854,0.7880901729642357,0.02038445828076935,0.0,0.04945188188989966,-7.730496574385276e-05,0.028010122175940358,83.4491755494537,4.439494549781108,3.6400327602571543,13.24080270318218,128,0.23990525195868595,0.056897077438279715,41.72458777472684,133.79350649350647,28.02038938126536,60.0,0.6501113355989387,0.10568072579946448,0.32741840325768107,0.43606140745355454,0.07477071222579328,0.056068751263506626,92069.0,255,109.50677239552606,111.0,0.6133319030782116,1.0,0,62,0.5145824136380327,0.9808218079775506,108,49.0,77.0,7.0,111.0,137.0,162.0,211.0,255,0.24629142026748152,1920660400002.8472,145531892758.06873,51.6407711407662,124725.0,2666.7692440129913,132.3256734006734,39.6718568918221,rong
0.5114386028607852,10347.325624156143,1441.7058823529412,0.6380655852349012,0.9361673781411761,0.4885613971392147,0.08533259620184751,1299.362685890433,805.59067699345,1.0154147456036557,0.47126006291869443,0.30659168829239913,1.1614182545187481,0.0999913359545509,0.8537680035905177,0.7914353946653844,0.7897359269464858,0.7876482816851774,0.0010625018372277656,1.243137766945218,0.515789902920056,0.08910794588230754,0.32598397241390464,0.9979138531089329,0.9879419037292193,0.9709552147917719,0.007613436706123347,0.14469107861343233,0.07737932474373968,0.026350529789821088,0.03268371909240705,0.8896265478645432,0.8886706754827687,0.8874955107971969,0.000597899226765358,0.9893581558818033,0.9785471219653127,0.9683064234604762,0.005739881355614337,-0.00044362177809349166,0.07012458804784855,0.030106595859196457,0.06988568520542085,0.7868500656156313,0.021288578090480653,0.0,0.04941664191662146,-7.550096748507513e-05,0.029542440002505062,82.42361156224979,4.458598514132678,3.535309945014403,13.169105664222855,128,0.21146265992128943,0.05584814624116842,41.211805781124895,135.2741935483871,27.466313039051563,60.0,0.5471244947314036,0.11047483094797035,0.33751820480978295,0.41601858231462036,0.08266737079226508,0.05332101113536127,92755.0,255,108.91926347362211,110.0,0.6080757155057533,1.0,0,85,0.505588309314674,0.9798767799583826,108,47.0,77.0,7.0,110.0,137.0,163.0,207.0,255,0.22175702327595093,1908352062146.4065,144637770397.15634,51.32929896234961,122545.0,2634.696931966265,134.61710346008908,38.55499166339296,rong
0.5111085439865336,12917.47048080424,2188.8571428571427,0.6361567800019906,0.9517300781104154,0.4888914560134664,0.08341412899525953,1300.1693679812454,806.0507048327676,1.0154434799634513,0.46853122241590534,0.31158795450138416,1.1543532175956142,0.09999546169047904,0.8562769220728365,0.791143019507911,0.7894098315454107,0.7872661204623939,0.0010853558498766607,1.1900224388734137,0.49890802778759485,0.08748673112925329,0.31177468123717517,0.9979370720802634,0.9882526145778557,0.9719961513343123,0.007333884292163428,0.14264159702878365,0.07638941572676394,0.025984791461602305,0.03227171463167059,0.8894622080268003,0.8884871739980861,0.8872801814885724,0.0006108897653704293,0.989532656309432,0.9787871022181073,0.9685105603356754,0.005740857318270598,-0.00028508430779575737,0.06881794041768709,0.029732686562773877,0.06876171780743136,0.7899503339961947,0.02102418429143155,0.0,0.04862187694767049,-4.489366967303374e-05,0.02960091678027084,81.24704169308464,4.45956469640512,3.498327711516182,13.141038282703677,128,0.18585471316796426,0.055727087557991245,40.62352084654233,136.4562443845463,26.787891630868742,61.0,0.5048009417828716,0.11104005677012638,0.34012566991637133,0.4143064019044397,0.08322847087849296,0.05129940053056964,94981.0,255,108.69561970616509,110.0,0.6049979165033563,1.0,0,56,0.5057162071284466,0.9793760605665057,108,45.0,77.0,8.0,110.0,138.0,162.0,205.0,255,0.1932117883947203,1891826324581.5583,144278872372.5942,50.92729157686921,122576.0,2593.5890273554533,136.03117505995203,38.10314998965946,rong
0.5002166011362277,11808.200085775163,1737.3333333333333,0.6688054014511658,0.9157266719153871,0.4997833988637723,0.07872729298088546,1303.955358981035,807.3222704104554,1.0165337515432613,0.4583261132098947,0.3185934541073764,1.1594230705061896,0.09999958742640719,0.8575361206580133,0.7907017403254919,0.7889234374304519,0.7867059404537274,0.0011195683859559194,1.1064850278551532,0.4690534994848418,0.08555188852218554,0.2887369834694628,0.9979284708230715,0.9886586375075207,0.97326201826816,0.0069744303917167495,0.13851071649644073,0.07405958010309592,0.024922316793082818,0.03146060096373133,0.8892141138811799,0.888213397834224,0.8869644527565507,0.0006303477090761255,0.9900269307046236,0.9793316912519759,0.9691765525127006,0.005703498138119216,-7.718766540864166e-05,0.06614854306037506,0.028829039899452742,0.06626531255460623,0.7905694150420948,0.02038520960800058,0.0,0.04685665186480812,-3.133536885818472e-05,0.02909585023044636,76.65610708054027,4.4516999579934495,3.3714525178584536,13.035708244458105,128,0.0937228193880568,0.05594802067353814,38.32805354027013,130.29950454170108,24.88995580856283,61.0,0.37644025575498263,0.10945989990964639,0.34946221032176616,0.4074618059996452,0.08976776232460465,0.04384832144433763,97370.0,255,107.81473795388253,108.0,0.6026792529117382,1.0,0,69,0.49457672012245185,0.978811438486436,108,44.0,78.0,8.0,108.0,139.0,163.0,197.0,255,0.09927574351889734,1829134187123.1262,143886078736.72003,49.41430979772955,119876.0,2441.7740127859906,135.8270018491211,35.95160465359471,rong
0.4751610068445959,6813.198677458508,1212.3225806451612,0.7212133445500877,0.9044096389516165,0.524838993155404,0.062451264744348776,1318.933223896304,813.2501858537983,1.0256860553811222,0.2690896443432581,0.14130645553900678,1.1935234952902984,0.09994182712341314,0.8246767069341706,0.7802758008083928,0.778843702162299,0.7769893242440266,0.0009352796231139097,1.2102009826679048,0.5622019602320122,0.12223573234516436,0.306048875414937,0.9971012491109652,0.986685784152819,0.9713576897528085,0.007239837589642601,0.111412875270814,0.06199724526081981,0.022537780093798854,0.025153159474946882,0.88333221429335,0.8825210599646315,0.881469979207475,0.0005299822660313108,0.9916871482869234,0.9838173161070168,0.9764010447574121,0.004657554530895074,0.0005746786112384556,0.06187256494466467,0.021496653814761946,0.06495822245942665,0.6950821370453446,0.015200429685237835,0.0,0.045932399594884876,-0.00019742455384008536,0.02920776036480132,31.19379734777447,3.980961198358971,2.828352515078002,14.162826294140217,104,0.17828584743866813,0.07371853431020595,15.596898673887239,84.82254538541963,25.836662927280234,42.0,-0.165221885983295,0.018371902088034953,0.30691349569479454,0.5348150226296615,0.1385133323156518,0.0013862472718571175,55109.0,255,116.76581910298249,115.0,0.7962422797166444,1.0,26,93,0.46516022295476955,0.9640342007698721,118,80.0,94.0,68.0,115.0,136.0,162.0,172.0,229,0.18076056720646502,2163146912269.8433,200461133707.5224,31.420472736561663,112746.0,987.2461069890147,88.5952937135005,21.055245425412863,rong
0.4794187663224428,7997.221848751753,1246.4175824175825,0.6440846582327391,0.9136659384027456,0.5205812336775573,0.06934949521620919,1321.1513802146285,812.9841764048931,1.02373395401326,0.26854126656579186,0.13196991513361195,1.188222951050924,0.09999958742640719,0.8313231767527155,0.7802692851987929,0.7788368570449267,0.7769781548604975,0.0009356265561887802,1.2895011219436707,0.6022060224711573,0.13696852141354482,0.3241908080062541,0.9968632188490362,0.9862272550932786,0.9705270899606914,0.007405974543805671,0.11576621015165584,0.06416196205817194,0.023488313743655065,0.026005016498109802,0.883328526200073,0.8825171816758012,0.8814636435273423,0.0005301810329288727,0.9917663751261903,0.9837570970166715,0.9759581054932468,0.004661064634765967,0.0005604893155169491,0.06404496776920782,0.02221876792062732,0.06782395576202724,0.7236130989382498,0.015711041466285706,0.0,0.04795877904622587,-0.00019589560464318407,0.03149050973230712,31.96547273869792,4.008754099846119,2.732070380788335,14.40074923364455,136,0.17224820388461046,0.0714776068340361,15.98273636934896,86.01735773520161,26.038835378849452,46.0,-0.268248132242245,0.013078582892223401,0.30809345617024436,0.5293814284122931,0.14705773142284254,0.00238880110239664,62612.0,255,118.73501223280702,117.0,0.7986805896501789,1.0,1,91,0.4679574719140527,0.9657303568909579,120,81.0,95.0,70.0,117.0,141.0,163.0,174.0,254,0.1772303528280152,2199867144578.774,203409364353.10883,31.8852505733882,113424.0,1016.6692041277523,86.03995124593716,20.693961184118624,rong
0.4633572763541697,7727.710328496065,1203.8131868131868,0.7077194737688608,0.902887708079231,0.5366427236458303,0.07460568278866743,1318.5561958028197,813.3497509877594,1.0223648297077967,0.27580728188712966,0.1399779685701437,1.1935972687522252,0.09997070727491016,0.8240024829525227,0.7802312321272481,0.7788049958345037,0.7769541699364895,0.0009321737537973015,1.325580315691736,0.6133647797474131,0.1381853974871171,0.3335407862575482,0.9968483671876407,0.9860297919140747,0.9698271141316639,0.007588301025727072,0.11819192974311354,0.06615441518560966,0.02494354698627757,0.02635136868112115,0.883306986345771,0.8824991313323224,0.8814500382531556,0.0005282349857996382,0.9910771274262893,0.9830526828084417,0.9754570592745351,0.004690546126354735,0.0005418142931833708,0.06516082253842581,0.023111656139236873,0.06871858419590919,0.7306770072260992,0.01634240878050609,0.0,0.048591376878466104,-0.0002488061455020863,0.031782136527899234,33.79674613449132,4.047885342483916,2.717974118743537,14.404540784962517,136,0.2007461205610473,0.06944203254823933,16.898373067245657,90.25367647058823,27.592442137855183,47.0,-0.2838589103719271,0.014976421419170645,0.31523097932593724,0.5133405671236607,0.15353513683003206,0.0029168953011993516,61776.0,255,118.75239395827231,116.0,0.7854163486411889,1.0,0,91,0.4519619937206299,0.9653755922115621,121,80.0,94.0,69.0,116.0,141.0,164.0,177.0,255,0.2017840670872675,2197818505120.1768,202792122858.2052,32.752774997978754,109547.0,1072.7442700682222,87.60163867822318,20.647033008731587,rong
0.4507325244140424,7220.276074435688,1319.567901234568,0.7584009111555093,0.9017950902781303,0.5492674755859577,0.08294379509945086,1316.3832903428035,813.8666865498444,1.0175235065724844,0.2825429858548314,0.13820802785696898,1.1852551808017964,0.09996658153898201,0.8372830612340366,0.7802421121363382,0.7788176993309247,0.7769670264081061,0.0009314650414813618,1.347308302383163,0.6178319960663498,0.13826549321598827,0.33809425137606136,0.9968808284276869,0.9860810855341064,0.9696660272982451,0.007608275005220851,0.11834668059424326,0.0657340596718708,0.02454306834192191,0.026478395958134178,0.8833131450037061,0.8825063290012944,0.8814573310195486,0.0005278291233859353,0.9913319831619216,0.9833476398487334,0.9757356724752098,0.004683839875564286,0.0005402408507558722,0.06536574863352991,0.022934185143310377,0.0691343245810824,0.7494897662077411,0.01621691783582254,0.0,0.04888534972403519,-0.00030532468287854374,0.032132001271465746,35.54833922166686,4.073891627012916,2.8040787548629744,14.442468675349964,88,0.25292776294628455,0.0686599337448445,17.774169610833432,95.60818181818182,29.30309776258439,48.0,-0.1926141216638535,0.017257953387435482,0.31700917151096825,0.5086743597889274,0.15212000940667791,0.004938505905990981,53057.0,255,119.09048976611203,116.0,0.7788481770435801,1.0,0,81,0.44097928467990477,0.96828366936427,122,80.0,94.0,67.0,116.0,142.0,166.0,180.0,255,0.2527057264227928,2213349872947.9707,202461713789.64636,33.64818256825696,106885.0,1132.200190146752,93.31087224966323,20.214854561556738,rong
0.2004323771252697,5962.026999586772,866.2727272727273,0.7805473560660827,0.9320438413942507,0.7995676228747303,0.12211765773719888,1296.6186793251245,813.8337930002649,1.0134536677510757,0.321481931980948,0.1365371048060698,1.188792108300976,0.09999546169047904,0.837401616119215,0.7806033519169864,0.7791089851762948,0.7772174641458558,0.000958422922262063,0.9984254100897555,0.45026597200014634,0.10005211047420531,0.25193398017035135,0.9977881949712398,0.9900598280586177,0.9779722569375366,0.005555609380126527,0.11875193438563911,0.06711363389040223,0.02438866693686913,0.026534596899706685,0.8835176013622967,0.8826713376599669,0.8815993784854069,0.000543000791391798,0.990259366259233,0.9800011354101592,0.9710694474060595,0.005544291158409183,-0.0009915761370993372,0.05824457554495327,0.024930203937818387,0.05901624898037692,0.6665585264080407,0.01762831626079495,0.0,0.04173078985421819,-0.00013791283549614928,0.026664581161110083,45.7362880759567,4.095213262509426,3.8175400023935855,14.424554729949957,112,0.38758799830599633,0.08252370572954379,22.868144037978347,188.6201550387597,37.0800426490342,33.0,0.8246841942308953,0.04022179956349714,0.22502176325702097,0.5744880993147152,0.12769565271205252,0.032572685152714116,44642.0,255,118.85044619834063,114.0,0.7413452374567313,1.0,0,55,0.19657068829652488,0.9793892328680869,141,78.0,100.0,58.0,114.0,133.0,178.0,197.0,255,0.3941333500651968,2151516218650.9111,189708169776.85773,38.20827106385508,47645.0,1459.8719776890252,131.3345259391771,25.016451229546693,rong
0.24265515861391776,6072.072527987289,789.1917808219179,0.6469663179632645,0.9115417037815353,0.7573448413860823,0.1276048865216333,1298.367481302653,813.403693294704,1.0189373557133186,0.29252468784723645,0.12419290290905641,1.1843224384232178,0.0999830844826946,0.8416968981618094,0.7804637023280955,0.7789855300565631,0.7771035504903451,0.0009526862598906394,1.0109205741256575,0.45385484119682845,0.0977476695037925,0.2559186632705494,0.9979261116297005,0.9903838525308531,0.9785941689346636,0.0054164544197554156,0.11725278551532034,0.06445034083725605,0.021777353173913886,0.026732591256766778,0.8834385673764167,0.8826014041906108,0.8815347698703353,0.0005397937802224559,0.9914499067462492,0.9811702670455555,0.9717610279243305,0.005578556554417726,-0.001001283751047916,0.0582717480828812,0.023710482565587963,0.0591239092971577,0.6755499560918509,0.016765843007332658,0.0,0.04180691719427857,-0.00016359756406843185,0.02571376433204072,40.25459730777367,4.046559634435635,3.332307120101123,14.862910046579557,112,0.7022172883302683,0.07729878708246728,20.12729865388684,192.96428571428572,35.403920322006165,37.0,0.34542321945740584,0.005252061836530091,0.2529282410750018,0.5621356459458456,0.14496185757134428,0.03472219357127828,52175.0,255,122.38349128025712,115.0,0.7482022105693104,1.0,0,73,0.23768777255642975,0.9748485532276823,140,80.0,101.0,72.0,115.0,138.0,179.0,197.0,255,0.7124742615199573,2193781032190.617,193073785122.4582,35.80019258733744,57611.0,1281.6537892904507,133.3245931283906,25.56015307856699,rong
0.32989797055049697,6878.322351165523,860.2111111111111,0.6715682859552755,0.9198828009919121,0.670102029449503,0.1224683452910913,1293.8968972265995,813.753359361028,1.030393055968173,0.30067981701538926,0.12552964134977576,1.2087213733062943,0.09999546169047904,0.8072178664152211,0.7806131510057251,0.7791495399474466,0.777276887645811,0.0009459065090965074,1.0848073351903433,0.4879060471015621,0.10618956632505354,0.2744878779458392,0.9977556959676402,0.9897022701592896,0.9771183170609559,0.005787036033348469,0.12388482667904671,0.06824691905184345,0.0233232972420049,0.028094758057582894,0.8835231468420763,0.8826943144503573,0.8816330799407489,0.00053589594180888,0.9908086445394806,0.97999186493554,0.970119958366925,0.005832219003031538,-0.0010815899874375388,0.06043363042990393,0.025157022841470277,0.06110524420153974,0.7412782635773745,0.017788701445668503,0.0,0.0432079325409687,-0.00021349469976412924,0.0267074439688657,42.46681233783056,4.1403651718199175,3.4874347100037637,14.845619087304698,112,0.6019980917595383,0.07053769007373156,21.23340616891528,198.07380952380953,35.50445634417435,42.0,0.49836450053664816,0.005928682528746065,0.27326811920076244,0.5374389906799626,0.15301529410308565,0.030348913487443323,65446.0,255,122.26659680420495,117.0,0.752002013359133,1.0,0,90,0.31941034982114935,0.9654606750280939,133,79.0,99.0,68.0,117.0,141.0,176.0,193.0,255,0.6032648946968093,2158290380782.4963,190574296961.30878,36.763097957189515,77419.0,1351.525371409912,131.88630076700616,27.723433276896245,rong
0.34618637599481805,7157.084971661852,887.5434782608696,0.6367257101483434,0.9341577028314368,0.653813624005182,0.07866953267789142,1300.0103274882554,814.1617167305941,1.0347319176035468,0.2959575257609858,0.12904064262462817,1.2291375805226934,0.09996245580305387,0.7740833272099346,0.7809349848151399,0.7794550833893624,0.7775688813848685,0.0009526583405337678,0.9434559733828537,0.40783188754684313,0.0751587439445699,0.24486011163006627,0.9983508594660288,0.991063743111555,0.9793397472355968,0.005359919578042247,0.13362639275766017,0.07382316997540632,0.02556790766795978,0.03007977614970342,0.8837052590174734,0.8828673695438282,0.8817986626123157,0.0005396147922820266,0.9892571176501807,0.9772623390808454,0.966457596961271,0.006346356981587151,-0.00046325542730449223,0.05905132977048699,0.02783153073030539,0.05780649871704335,0.6854904484676702,0.01967986411020072,0.0,0.040875367239472805,-0.00016161559288726353,0.025077582097600103,39.65509391109438,4.091231048745605,4.3538779652801365,14.59856176845545,112,0.5882835272071605,0.0745839652140512,19.82754695554719,187.55555555555557,32.486137262383316,39.0,1.377028807349845,0.010842434019168169,0.2659119320408778,0.5769759180793874,0.1123025319641391,0.03396718389642753,68184.0,255,120.26189346524686,118.0,0.7922898246974804,1.0,0,92,0.33688284147684844,0.9637984667009577,129,79.0,99.0,64.0,118.0,138.0,162.0,187.0,255,0.5844959844558888,2092468440379.0337,188876048828.4013,35.5924124362653,81654.0,1266.8198230332127,130.54363346138328,28.610773168986242,rong
0.33253431580858234,6511.036985656913,794.234693877551,0.6691949188604733,0.9333965913582244,0.6674656841914176,0.06830155829046006,1305.6274010839993,814.622906154291,1.0444273141902742,0.2942578106654922,0.12833101604498703,1.2624526241408107,0.09999958742640719,0.7373932035716579,0.7809178824400008,0.7794253562129052,0.7775286785119659,0.0009585230809933553,0.9265639507892294,0.3956327064001428,0.07027965954490185,0.24192036147492835,0.9984155029166388,0.9910926759741049,0.9791515802570132,0.005441276765833023,0.13397458217270194,0.07331947473915319,0.024921351784301236,0.030277845525178003,0.8836955824490699,0.8828505317556267,0.8817758663696609,0.0005429472465537363,0.9895858388542202,0.9778319548090764,0.9671144924653392,0.006200476106181684,-0.00024382290367514926,0.05963901938229604,0.028099368341912036,0.05846007220037144,0.563953917913672,0.019869253901624587,0.0,0.041337513481537816,-8.565351373963085e-05,0.02550049262019134,38.29546746488036,4.014730236279828,4.995891603374007,14.407354536865515,112,0.7101928309536094,0.08163087894915376,19.14773373244018,181.33333333333334,30.7538535355285,36.0,2.0304145269273386,0.014745380207194458,0.26298678526782215,0.608207739055454,0.07952356001501767,0.0345365354545117,63874.0,255,118.76798098860884,117.0,0.8033674256645529,1.0,0,98,0.32112665596725815,0.9533757307124044,128,80.0,99.0,63.0,117.0,135.0,156.0,187.0,255,0.7137372320768712,2059888327745.0051,188530394009.76062,34.94840606581142,77835.0,1221.3910865408443,130.8465058236273,28.034164227260714,rong
0.33135435533313257,6465.722469669147,700.8378378378378,0.7034153227575937,0.9335024122960695,0.6686456446668675,0.06506285558686531,1316.0506529210156,816.1900852530807,1.0408777139331302,0.29883250430065544,0.13149958123780328,1.2646382065224377,0.09999546169047904,0.7537053462393789,0.7810653372845018,0.7795589619140464,0.7776443698880289,0.0009671793350603402,0.9455315691736303,0.4044078431780906,0.07451894312238243,0.24594858202095968,0.9982712379115494,0.9906312447642859,0.9781082668344244,0.005692107934535003,0.12977696533580935,0.06982495902643723,0.023079150020265185,0.029534538692585145,0.8837790093029488,0.8829261927390499,0.8818414652804828,0.0005478041369836387,0.9907110483389342,0.9796963443438718,0.96923554133455,0.005884889314997465,-0.0001239540956059226,0.0607040182732945,0.026537018732631364,0.060698419007483136,0.5615259732951995,0.018764505898318077,0.0,0.04292026368749376,-3.7669586959632734e-05,0.026523891401601444,38.24369605933187,3.983953788890121,5.520037519419565,14.180265779908492,112,0.8311359954693092,0.0840024085611989,19.121848029665934,165.02898550724638,26.77629632566149,36.0,2.589236442703559,0.02244812918504338,0.27591271593070416,0.5994776818314967,0.07123083079944385,0.030930642253311935,68005.0,255,116.92663203798978,115.0,0.8034375631753314,1.0,0,111,0.32095337505827604,0.9536590695820961,126,78.0,97.0,64.0,115.0,133.0,153.0,184.0,255,0.8453225655312794,2014572610773.503,184330915231.9974,34.94147827434206,77793.0,1220.9069039963183,131.90787119856887,27.42825961590616,rong
0.32411781451516414,6791.123917843056,760.85,0.8300999934468324,0.9320295671251089,0.6758821854848358,0.06669664701441119,1318.1220812415104,816.7252797684451,1.0399684563317342,0.30251264618054063,0.14399230962822993,1.2648222382861274,0.09999958742640719,0.7550108431359663,0.7806792634584462,0.7791843598656367,0.7772828919890222,0.0009607994316653273,0.9366082482203653,0.3984777467606026,0.07479976067782217,0.24292713066920377,0.9982423217331108,0.9906494560803522,0.9780349380711775,0.0056947487920662,0.12984466883317858,0.06998355396911993,0.023786501457163264,0.029350953240019555,0.8835605601533186,0.8827140327308935,0.8816364851734655,0.0005443212284634476,0.9903418135986553,0.9793633611538658,0.9689141244413121,0.005877031067174424,-0.00013936088791014593,0.05993115097010722,0.026722430480840643,0.059803771546438095,0.5414756561449613,0.018895611802788512,0.0,0.04228765240101748,-6.309949066576513e-05,0.02643507371613205,38.579251654653476,4.021883862409791,5.343762933079078,14.064109810587464,112,0.8993087953510176,0.079573746309694,19.289625827326734,157.72905405405405,25.180102978885177,37.0,2.414729626571126,0.017823179209591512,0.30638540149599186,0.5718517540566298,0.0756577454503447,0.028281919787442086,68013.0,255,116.04203712337188,114.0,0.7893110433573589,1.0,0,100,0.31390661809300235,0.9468226325819806,126,74.0,96.0,65.0,114.0,133.0,154.0,182.0,255,0.9156516031822294,1982002257021.1526,182324711680.8142,35.104183721396886,76085.0,1232.3037147455864,126.11678832116789,22.985642358853763,rong
0.5581254306236875,7837.982208897809,609.5733944954128,0.6783961074794423,0.9121710661426147,0.4418745693763125,0.01180373049042623,1337.3358355624366,811.0061104426663,1.0315004477488392,0.2482395527614642,0.1472846468988906,1.203451052397902,0.0999830844826946,0.833813691331733,0.7802583247075838,0.7788346714585651,0.7769915102948889,0.000931133862011831,1.0911434153512842,0.5025299513958624,0.11014513732074961,0.27595787126422067,0.997167251891128,0.9870932969034162,0.9719931854071602,0.00707972277990062,0.11459300526152891,0.06726465885038231,0.028742786559357688,0.02451763707834011,0.8833223220928949,0.8825159449317614,0.8814712192096171,0.0005276360157744955,0.9882805895079776,0.980310679144135,0.973184505653643,0.004893099701740909,0.00017075692935550855,0.05928375521763345,0.023694494708374553,0.06107528271945581,0.554948726637392,0.016754537885080408,0.0,0.043186746573812766,-0.0002131306642410574,0.02787437933718711,24.817730225819627,3.815944361135972,2.8153435497294255,13.68099397229981,120,-0.21651548237010956,0.08186257307938152,12.408865112909814,88.27864238410595,22.74943964140955,40.0,-0.1898367903514373,0.01755500637426201,0.3408848053271502,0.5510209133554198,0.09053927494316799,0.0,115223.0,198,112.92961907080175,115.0,0.8409116226106832,1.0,17,218,0.5482566702835618,0.9562410168037505,110,77.0,93.0,65.0,115.0,133.0,150.0,159.0,181,-0.22577615344284557,2080625290244.2861,200387553078.99796,28.03359813414074,132887.0,785.882624346499,81.78834355828221,22.077790238508346,rong
0.43085472871223407,4231.096138228761,776.4166666666666,0.6658879356011893,0.9327982143081979,0.5691452712877659,0.01114361274192284,1332.9175750241284,814.5561940496628,1.0206465210221785,0.2608314891586849,0.19045634765101224,1.2180666816279138,0.0999913359545509,0.8087562324977802,0.7802929456003217,0.7788671128456789,0.7770374086993433,0.0009313219718986623,1.031900920767564,0.47442929896031205,0.10633914268619842,0.25981267315492895,0.9969636183269948,0.9864716384593515,0.9705937554075591,0.007400305802194491,0.10788842463633547,0.06339539938076548,0.02670854804778723,0.023407171221640315,0.8833419188515406,0.8825343247407617,0.8814972539374943,0.0005277310361231791,0.9891567384965787,0.9814930503854901,0.9745544707951305,0.004851649335874337,0.00044387660295964245,0.05755084610707704,0.022361637562621987,0.05936861633225038,0.5540256712864886,0.01581206555896583,0.0,0.041979951198196655,-0.00021177564312740155,0.02668957992711523,24.63077336576339,3.7990372622223694,2.8568398455571216,12.942396474971222,88,0.1975808505264107,0.08458321956823311,12.315386682881694,96.67748015873015,25.71246113683334,35.0,-0.14263523642800324,0.015657167847314763,0.45164431205416267,0.44423449032721213,0.08846402977131046,0.0,34341.0,192,107.02745264686588,104.0,0.798400039607065,1.0,18,132,0.4228342980679179,0.9689228877808893,110,73.0,89.0,64.0,104.0,124.0,150.0,159.0,174,0.19700356526074678,2024839616480.1858,187936202218.17743,27.916129857350978,102487.0,779.3103062124827,83.76204179730205,21.416969739061635,rong
0.5602213044751858,8053.147832549258,634.4881516587677,0.7051973505584983,0.9091289693782515,0.43977869552481424,0.011531431919168581,1335.5844649516982,811.5445176302887,1.028272220022857,0.24403929340543404,0.14011411785577252,1.199877499495806,0.09996245580305387,0.8311659209572966,0.7802873240372377,0.778862911647693,0.7770241175013705,0.000930727816118034,1.121560662333643,0.513343231402345,0.11074344276532916,0.28422322334484285,0.9971357665420099,0.986741075085943,0.9710497237566057,0.00733306497430063,0.11450982667904674,0.06695616935473046,0.028169571343099213,0.024660622411258826,0.8833387368598966,0.8825319447482326,0.881489714915251,0.0005273960518665427,0.9885741955790259,0.9806897624382004,0.9737477013296166,0.004839691316137701,0.0002633958802989722,0.06031766435966287,0.023620103480054926,0.06207546528662134,0.5537211159078456,0.016701935343074802,0.0,0.04389398244948008,-0.00022023744661924655,0.027801693531715615,23.903698285986682,3.7925155023431896,2.9371493299682814,13.663104781315367,112,-0.1775296561102544,0.0842854223587726,11.951849142993341,87.28602112045822,22.534023472113105,37.0,-0.056486675658271146,0.01651944665629732,0.33632174139062054,0.5559759222051234,0.0911828897479588,0.0,116325.0,190,112.78566389279688,114.0,0.8483544502250588,1.0,15,211,0.5523411488524266,0.9623983208467474,110,78.0,94.0,66.0,114.0,131.0,150.0,159.0,175,-0.18541669527852067,2066897123489.646,200021088164.30072,27.524133725101315,133877.0,757.5779373172595,80.80745321972947,21.466581436905205,rong
0.5655641325021351,8747.966141438927,741.7362637362637,0.654732029291133,0.9190594360118957,0.43443586749786495,0.012488602654498497,1336.7078464219976,811.3848938632841,1.030023111795905,0.24502960025893744,0.1424327814473907,1.192605706835758,0.09999958742640719,0.8294616136774423,0.7802873925168134,0.7788654796772625,0.7770234956353823,0.0009303769168784136,1.129082520891365,0.5163162034360504,0.11116804662922433,0.28622908336605196,0.9971506864483446,0.9867844271794123,0.9711181218389775,0.0073183079953575226,0.1142999458372021,0.06646483293105225,0.027833748287109415,0.02461625285876034,0.8833387756216827,0.8825333997877497,0.8814893621793642,0.0005271966790524787,0.9887610933524008,0.9809823422284408,0.9740754931963121,0.00474735617545799,0.00025719514188931675,0.06043264222971581,0.02347322395916016,0.06221424498927584,0.5537211159078456,0.016598075837832686,0.0,0.04399211451831812,-0.00022002307014454872,0.027737803017998493,24.31517866119989,3.80282728067055,2.85525857688936,13.72191714697109,120,-0.1918173227708713,0.08311689508481615,12.157589330599945,87.12574850299401,22.507941343153615,39.0,-0.14144553489971212,0.01575618550959027,0.33575238983253636,0.5557077493697938,0.09278367528807951,0.0,117437.0,190,113.24220545339774,115.0,0.8450786158981108,1.0,16,182,0.5569578473560222,0.9614655249044416,110,78.0,94.0,67.0,115.0,133.0,151.0,160.0,174,-0.19765460782460648,2080715815168.8518,200878769416.78857,27.747692337136808,134996.0,769.9344300364007,81.32963488348979,21.46033506777616,rong
0.5655270008787817,8300.265424935216,674.225,0.6436710733917104,0.9105515799016345,0.43447299912121823,0.013689191809589036,1337.2888590801633,811.696879965267,1.030820571767585,0.24605703248421157,0.15267285802104952,1.1940450146464459,0.09999958742640719,0.8260447180095666,0.7802720671769056,0.7788483841831146,0.7770113391073842,0.0009298796105286653,1.1312470984215413,0.5167290874416961,0.11076370794974234,0.287124452781465,0.9971487216142364,0.9867164348309355,0.9709370949765833,0.007373097016514452,0.11468005261528938,0.06685807457583572,0.027881033717406828,0.024743901094199498,0.8833301009118311,0.8825237144339727,0.8814824667044627,0.0005269200871331713,0.9887102720750858,0.9807964048440351,0.97395772512473,0.004803820049995154,0.0002710972540315113,0.060560731980398186,0.02354947148820339,0.06225240038660303,0.5571190034509247,0.01665199098266787,0.0,0.04401909445850705,-0.00021834446189927345,0.027608251216635,24.37674526591872,3.8031212603498776,2.772738251465262,13.680779434031546,120,-0.13680241181310973,0.08268014244383291,12.18837263295936,84.74834437086092,22.656676213188145,39.0,-0.22477471820927208,0.014745380207194458,0.3426795004558938,0.5486444894608076,0.09393062987610415,0.0,116762.0,191,112.94010256579517,115.0,0.8336379501693615,1.0,19,200,0.5563348612308721,0.9611405688012162,110,78.0,93.0,67.0,115.0,132.0,151.0,160.0,172,-0.141405555191096,2083609863007.62,201048143351.66937,27.789706488262617,134845.0,772.2677867037854,80.28719951868294,21.213780658146373,rong
0.5721075496841749,8115.680916765903,634.5162790697674,0.6579723516462032,0.9193591868091495,0.42789245031582507,0.014761883150907044,1338.1702429628199,811.4526604949723,1.030383885178968,0.24655392252190508,0.14912059938691563,1.190044054800947,0.09999958742640719,0.8316608146839563,0.780266180147124,0.7788420130206739,0.7770014083055286,0.0009303923452281958,1.1561136258124418,0.5273223403921816,0.11234439233397023,0.2937980067398756,0.9971459158472913,0.9866217035139053,0.9706873380533205,0.0074456629378148245,0.11615212008666045,0.06751260283034595,0.028048945245401732,0.025055772645952358,0.8833267686123432,0.8825201046249358,0.8814768336749007,0.0005272129230743148,0.988662245382092,0.9806713977175625,0.973660944160521,0.004815703552834543,0.00026996469907084253,0.06133816681162924,0.023824509538680656,0.0629833346416251,0.5571190034509247,0.016846472253244673,0.0,0.044535943026834696,-0.00021616833843913355,0.027785200734151173,24.778135394675367,3.8069714993802166,2.7088800154115455,13.768075880535191,120,-0.16121075213378386,0.08218501930606341,12.389067697337685,82.33416149068324,22.471525472688356,41.0,-0.28724666996769876,0.014576225034140465,0.337010739290621,0.5518089289176957,0.09660410675754287,0.0,118367.0,202,113.64830576654111,116.0,0.8361175174621773,1.0,21,215,0.5628370210536304,0.962608396068054,110,78.0,93.0,67.0,116.0,134.0,152.0,160.0,181,-0.1668091326099247,2092610753078.965,202604163117.69662,28.020435577175093,136421.0,785.1448099346197,80.2710872478327,21.329164887861147,rong
0.5617271980889591,8587.564159682892,720.6451612903226,0.6740206592452038,0.9292572964833345,0.4382728019110409,0.014539093410787149,1338.2579016720574,811.3939134330975,1.025843031930767,0.24610370897589648,0.14838209265577748,1.18228886899433,0.0999830844826946,0.837212772306774,0.7802796506594568,0.7788499929893042,0.7770068190439922,0.0009324618954299676,1.1529866914268025,0.5242493810109032,0.11028313357651554,0.2933483007822986,0.9971984222189803,0.9867003453721215,0.9707680839422227,0.007433940507712156,0.11548862581244193,0.06662215456055369,0.027048231138903363,0.025091349061918684,0.8833343934544023,0.8825246250393831,0.8814799028020958,0.0005283828163372535,0.9890982207908708,0.9809944108346501,0.973891865508585,0.004846775716431541,0.0002651675198445868,0.06124409504745783,0.02343052328502423,0.06284950526328631,0.5571190034509247,0.016567881901589934,0.0,0.04444131136588936,-0.00021655664299707677,0.027351295115125022,24.694574880073603,3.79930807738965,2.6713890882355416,13.770807117719624,120,-0.15185077430731614,0.08261547749373194,12.347287440036803,81.47577639751552,22.394131668065206,41.0,-0.32668926877615734,0.013961490380846684,0.3421802864085881,0.5475717981194895,0.09628642509107561,0.0,116524.0,202,113.67221440624472,116.0,0.8370788139334354,1.0,21,186,0.5530136438087144,0.9653610862429126,111,79.0,93.0,68.0,116.0,134.0,152.0,160.0,181,-0.15739179449774313,2093463761388.3154,202748419352.30093,27.975153575341192,134040.0,782.6092175639251,80.10713773185522,21.342519567263878,rong
0.5593590256662032,9411.423642513086,870.2941176470588,0.626999336627655,0.9219480550120572,0.4406409743337968,0.014328680878451693,1338.7202308443464,811.4742389451716,1.0247080470128798,0.24590056232402233,0.1506429959444016,1.1735421125755698,0.09999546169047904,0.8405692613871053,0.7803033784248163,0.7788698957028531,0.7770197820080126,0.0009350723337667385,1.1513772825750541,0.5213906181913522,0.10782429120104994,0.2937515059492197,0.9972564202746986,0.9867513283748722,0.9707613007062956,0.007456369882751774,0.11358132157226863,0.06438172596014885,0.02508347325960666,0.025003081850123742,0.8833478241467606,0.8825359000947334,0.8814872557263733,0.000529855482244507,0.9900016474622283,0.9819575388215543,0.9746864062431982,0.004751148050460845,0.0002725210374106356,0.061107094868649174,0.02254894121880778,0.06271802313808972,0.5558858111038125,0.015944509244395833,0.0,0.04434833946355803,-0.00021391131819608887,0.026604663263894768,24.67935448262091,3.7986509212722757,2.631157528305682,13.759197296817819,120,-0.1237078126428263,0.0823425613412656,12.339677241310453,81.94701986754967,22.549463737717808,42.0,-0.36612485856454846,0.013429270446115827,0.34472586547625433,0.5468250399164951,0.09501982416113475,0.0,115895.0,194,113.57248711738957,115.0,0.8350283231771467,1.0,20,153,0.549362367512305,0.9696894596522849,111,79.0,92.0,68.0,115.0,134.0,151.0,160.0,174,-0.13330104357283207,2094296944903.5925,202595905706.91385,27.92753844916288,133155.0,779.947403829471,79.69685582822085,21.168929073380653,rong
0.5563678671182972,11043.04302168759,1206.1454545454546,0.644193886477404,0.9155213737150539,0.4436321328817028,0.013916107285637075,1338.4652179036675,811.5764903911842,1.020011154994121,0.24281383650377858,0.1428989896072712,1.154195182248485,0.09999958742640719,0.8533947360487202,0.7803931949649059,0.7789435226312444,0.7770775462557202,0.0009425811452141987,1.1347405988857937,0.5075040304316674,0.10051434968058208,0.29137552793897575,0.9974452090203747,0.987118305489112,0.9712151788531131,0.007388182392694202,0.10812732126276692,0.05821307965849757,0.019522127651361625,0.024794303887693932,0.8833986614009022,0.8825776098363298,0.8815200203374398,0.0005340850454852444,0.9926026381014951,0.9845486394934199,0.9768618785230381,0.004592972747308455,0.0002662596264138019,0.06052079958435824,0.02021530023652636,0.06211488079261073,0.5543300593388915,0.014294375880969804,0.0,0.043921853421049074,-0.00021115273789903437,0.024577105556507394,24.14504019741234,3.7759542244928266,2.597522164477287,13.780523225830407,120,-0.09521697888399691,0.08372976438140639,12.07252009870617,78.46908023483365,22.658105179495532,42.0,-0.40678117348952947,0.012133789364677924,0.34835238735709484,0.5436193431003256,0.09589448017790174,0.0,115840.0,184,113.748449754725,116.0,0.8431849031070917,1.0,27,110,0.547386140002723,0.9768986101480298,111,79.0,92.0,69.0,116.0,134.0,151.0,160.0,157,-0.10054026586993746,2100657261347.163,202534228835.038,27.619697483730206,132676.0,762.8476890927727,79.46162479641524,20.918728732002293,rong
0.5489951770147,10029.628545009284,1912.8823529411766,0.6959886077120662,0.9154225142317624,0.4510048229853,0.01655657827965063,1337.6101103882743,811.8734490120412,1.0176435314739076,0.24101985130102968,0.1348950619066676,1.1531335526922721,0.0999913359545509,0.8544850702666134,0.7804235525037252,0.7789701175545966,0.7770986151938688,0.0009445881461669379,1.130371788919839,0.5036706922585598,0.09840387547526683,0.2906427541857844,0.9975184192735554,0.9873156353229385,0.9715503274085961,0.007312005421571905,0.10591438409161247,0.05603001753028778,0.017805377028930962,0.024592737956091206,0.883415843475611,0.8825926756446446,0.8815319706022402,0.0005352130638299497,0.9934413214786928,0.9855160284488246,0.9778059141585357,0.00448066812734233,0.00031204720553793474,0.06038340179970697,0.019373539911675123,0.062017008541687166,0.5555701651289346,0.013699161447133706,0.0,0.043852647288731034,-0.00021684787141553423,0.023982155612169057,23.97456262594835,3.7678129245989247,2.6006609417544335,13.840816730684335,120,-0.046753617698681776,0.08457441284862235,11.987281312974176,76.7175572519084,22.941176878521578,41.0,-0.40299178577012107,0.01054950676826979,0.3473250791109864,0.5420845693350551,0.10004084478568864,0.0,70993.0,182,114.22438639992409,116.0,0.8485483598136818,1.0,26,68,0.5366592265895429,0.9777514683723362,112,80.0,93.0,70.0,116.0,134.0,153.0,161.0,156,-0.05278174230325325,2120815847830.1172,202982181045.35318,27.53034462747126,130076.0,757.9198753073356,78.11819197305152,20.438100175744466,rong
0.5385735680602027,13677.202410466092,1934.3636363636363,0.704057986404889,0.9528747317630977,0.46142643193979727,0.01852868005330451,1336.379937175285,812.2299627370531,1.0165507409844283,0.238687572076226,0.12736559383780083,1.149520631638312,0.09999546169047904,0.8518109471441552,0.780438501605822,0.7789866829298514,0.777109548656467,0.0009460319511343699,1.1286105307954193,0.5016715531488823,0.09703838804933124,0.29069150819462275,0.9975780721566194,0.9874961824032199,0.9718873568260195,0.007237913363967207,0.10422856700711855,0.05441621113439515,0.016810452975122073,0.024386452507636963,0.8834243044006781,0.8826020595975358,0.8815381719792212,0.000536026155249215,0.9939342496976976,0.986244836193062,0.9784916317792716,0.004394143437810467,0.00034584588143557205,0.06020902506865651,0.018627223134007304,0.0619752285968673,0.5583598007119909,0.0131714357927315,0.0,0.04382310440643131,-0.00021003636229494782,0.023719443015230244,23.836202383251564,3.7615391711218047,2.5703295338281906,13.925183904678997,120,0.003496177813863662,0.08448768386428544,11.918101191625784,72.51615278416936,22.871162330318054,41.0,-0.42925134416010247,0.007871904150902918,0.34365729987086446,0.5440607968446372,0.10440999913359546,0.0,111202.0,184,114.90251298575383,116.0,0.8541057261088947,1.0,26,66,0.526724454474567,0.9785067518877087,113,81.0,93.0,72.0,116.0,134.0,154.0,163.0,158,-0.0016776068296320914,2146099248827.7883,203796857917.5007,27.425801852413485,127668.0,752.174607247847,76.17134861694113,19.93163822456647,rong
0.5329171841027143,12130.129460611954,2947.6744186046512,0.6876100148057481,0.9300294097193197,0.4670828158972857,0.02314125282097194,1334.8933165985811,812.4600542228851,1.012733727810651,0.23852376290285376,0.12247247102701944,1.1380749506903354,0.09999958742640719,0.8612859960552268,0.780442663460538,0.7789894698799205,0.7771136905709417,0.0009455570410549975,1.0793368926029094,0.47967237705619725,0.09326134367822747,0.27828948051758,0.9976937243680872,0.9881543374855841,0.9733616986781508,0.006865433735772184,0.10190923862581244,0.053018488375016715,0.01615907204755563,0.023906197000711022,0.8834266599217719,0.8826036385864112,0.8815405212302732,0.0005357554928397307,0.9942349190862049,0.9865840411498796,0.9788338737952287,0.004339275156833091,0.0004653587436600188,0.058951615395762436,0.018197062411758003,0.06086224585166971,0.5574303238398306,0.012867266229028916,0.0,0.04303610675995847,-0.00012187100344612212,0.023660551165491192,23.969234681540016,3.7640322078238713,2.5577796367539056,13.985287625680229,120,0.03440996283217778,0.08450826466189265,11.98461734077001,81.86206896551724,22.317274748353796,40.0,-0.43151003385747533,0.006378387744913999,0.3427578894385286,0.5414120743787673,0.1094516484377901,0.0,69520.0,185,115.39576121890742,117.0,0.8543862761520086,1.0,22,43,0.5229370288925287,0.9837869822485207,114,82.0,94.0,73.0,117.0,134.0,154.0,163.0,163,0.0329248859531096,2160734290293.6523,204264930982.66174,27.52463119135824,126750.0,757.6053222202909,75.5368688871824,19.44102753419055,rong
0.5359413485380454,11859.155006976938,2833.3777777777777,0.8018180632135562,0.9014898863311464,0.4640586514619545,0.027341251995824756,1333.5439245747675,812.6171843057642,1.0141644836943735,0.2410680672567285,0.12469624269229024,1.1388762529215228,0.0999748330108383,0.862425687440197,0.7804235491985146,0.7789678756513515,0.7770904419103302,0.0009465060945865479,1.0523628520581865,0.47283054191685664,0.09323721845868799,0.27176823720288656,0.997703156343184,0.9883680197620702,0.9741269637882617,0.006678797925070108,0.10293156143608789,0.0539983255307561,0.01663192635052979,0.02410644601540708,0.8834158416049118,0.882591404916799,0.8815273347493713,0.0005363006085250215,0.9940135245459354,0.9860706975463667,0.9780345662686964,0.004500514520277532,0.0005880629839700608,0.05838876652191264,0.018657105113323028,0.06032893953267075,0.5648726605573476,0.013192565542940921,0.0,0.04265900224534468,-6.675602525306335e-05,0.02404309019148285,24.47480436120314,3.7810803768907655,2.62984149647479,13.99904282926467,120,0.058841921169854296,0.08446682500023688,12.23740218060157,97.46057692307693,21.867580525020827,40.0,-0.36698072142422733,0.006506285558686531,0.3371386371043935,0.5444733704374518,0.11188170689946819,0.0,67672.0,193,115.50909105911767,118.0,0.847962505311885,1.0,26,45,0.5260395823104946,0.9826590955435993,114,82.0,93.0,73.0,118.0,133.0,155.0,164.0,167,0.060955970263673824,2139994828361.3232,204136733272.05402,27.845553334613633,127502.0,775.3748405108124,76.77049999999998,19.090912531108266,rong
0.5286387959452268,5793.349423214856,563.6412556053812,0.6584043867375161,0.9403634005094241,0.4713612040547733,0.03477170240241603,1332.3878384279492,813.1737633579594,1.0304156191324825,0.24960245443802823,0.14099289960846767,1.2009833561404066,0.09999958742640719,0.8223196384813671,0.780209201097756,0.7787877513717202,0.7769522253498717,0.000928197067336108,1.0774324899411944,0.5002050356081641,0.11197672398818827,0.2739329114859947,0.9972410891481351,0.9876925374937744,0.9735065117558284,0.006732540408827918,0.11751199319096252,0.07025426672795335,0.030762549939204437,0.024958811098568217,0.8832945154917221,0.8824893623775668,0.8814489351912973,0.0005259868399076047,0.9874999154885774,0.9792148323351612,0.9718419041586904,0.0050015037927146075,0.0007280427322694285,0.05968353780597145,0.025051120854374765,0.06172292330530264,0.5707608727446277,0.017713817432452136,0.0,0.04364469762383669,-2.8746671805230297e-05,0.029574014941917994,26.10040574806085,3.8411970829285647,2.634002218247231,13.971218866165252,120,0.09197770223832187,0.08043965759987051,13.050202874030427,112.26225490196077,22.531230341568264,40.0,-0.37302373690642376,0.008057562267669495,0.33721290035110013,0.5391883027134965,0.11550822878030868,3.300588742516946e-05,63442.0,255,115.24560918553847,116.0,0.8242353979891163,1.0,26,223,0.5185720002805501,0.9650972217802247,114,79.0,93.0,70.0,116.0,133.0,156.0,166.0,229,0.09184563890572708,2088521075184.911,203123357016.80328,28.765586918412197,125692.0,827.4589907607268,74.61703629032259,18.396713808154445,rong
0.5219220978542047,5953.621668116785,628.510101010101,0.6832296866144556,0.9201611772518684,0.47807790214579526,0.04258172051439676,1333.0076465082402,813.3867990662536,1.0334605649081923,0.2448936974537901,0.12501805009468564,1.204612479408574,0.09999546169047904,0.8216400819639198,0.780216521042096,0.7787935285744269,0.7769547915214887,0.0009293879532837038,1.0931851593933766,0.5077236207128507,0.11309130913091309,0.2783081774985976,0.9972886531747153,0.98784391110157,0.973842932358877,0.006655918612074575,0.11787469049829774,0.07037741711393104,0.030751934842607066,0.025037788456046973,0.8832986590288112,0.882492635212162,0.8814503908453888,0.0005266599668264911,0.9875127004164701,0.9792586017120954,0.9719486732141809,0.004981440710671765,0.0007390568292619195,0.06012722306258455,0.0250949688102374,0.06219696270371071,0.5763413553956145,0.017744822619383774,0.0,0.04397989409700063,-2.1647979105331728e-05,0.029705050114482105,25.765677824242537,3.8311933762038723,2.6999302189258882,14.166044368164172,120,0.0970618045236815,0.08162158949421754,12.882838912121265,119.24571078431372,23.028565309969874,39.0,-0.3160987360642822,0.00798742475689101,0.3172855958181541,0.5525103040254805,0.12218779524797736,2.888015149702328e-05,63122.0,252,116.87045601759213,118.0,0.8324002293909176,1.0,21,198,0.5134272075781517,0.9619992767889429,116,81.0,95.0,72.0,118.0,134.0,158.0,168.0,231,0.09339305497588452,2110796690835.7354,205564891525.25418,28.620838099707626,124445.0,819.1523735296757,74.56521435553694,18.181396655501675,rong
0.447081248117633,6234.821769382273,1038.8823529411766,0.6528874718807983,0.9291793827895035,0.552918751882367,0.04877032440661603,1314.7514394651264,813.8495414882831,1.0225260932752014,0.28517710328764323,0.20339465552167868,1.1994790781948927,0.09993357565155685,0.8288130154955363,0.7802415163931588,0.778794906897335,0.776936608157214,0.0009390600272643682,1.0408165041782729,0.4722105085825135,0.10418041804180415,0.26171958048128935,0.9973828389226346,0.988153575771268,0.9739051317774718,0.006558513756648635,0.11411424481584649,0.063000407548749,0.023105205257367832,0.02561662978669298,0.8833128077828142,0.882493412850427,0.8814400763280588,0.0005321399631809045,0.9911540613576589,0.9820578442374983,0.9734690325847516,0.00526047729820786,0.00023412337940486124,0.057575419790350926,0.022685425207360322,0.05974059356723786,0.6023893537298948,0.01604101799822472,0.0,0.04224297882350333,-0.00015342074877900463,0.027722909675691833,32.68962672866984,3.999228656186176,2.7892996725880397,13.681868628316575,80,0.2546005163673586,0.07317009891120228,16.34481336433492,89.35206773837281,27.12479139664256,45.0,-0.20755866694166292,0.02113201942396475,0.36842821838345413,0.47695982770926765,0.13219683060966,0.001283103873653463,53944.0,255,112.9882870357,112.0,0.7478350200717053,1.0,3,102,0.43718773336193845,0.9705943415812619,116,77.0,88.0,65.0,112.0,133.0,158.0,169.0,252,0.2598570845301638,2101225253731.629,192386718506.35754,32.22167240512547,105966.0,1038.2361725832238,87.20362755590605,19.44287428952882,rong
0.45933880956015527,7673.6017763517875,1517.263888888889,0.749045478201078,0.9204710658424217,0.5406611904398447,0.049413939211406833,1316.7463753123186,814.5029790510315,1.018893659090285,0.28074947034638453,0.18630998304322532,1.187929661397069,0.0999913359545509,0.8288585996356745,0.780229300368262,0.778779660599751,0.7769158001851193,0.000940216548399366,1.0549220442587433,0.4758018436276596,0.1041823480593673,0.26542940459472786,0.9974569556032534,0.9884017403320363,0.9743009482696834,0.0064630527250175065,0.11636393531414424,0.06330840966592959,0.02267674135834635,0.026171354482629753,0.8833058928639964,0.8824847742162181,0.8814282728532817,0.000532800433076633,0.9913970972385474,0.9820883939761728,0.9729527217639014,0.005321372014869473,0.00023118682618541493,0.058191698227487466,0.022689514315703187,0.060277264879212866,0.6061210583775233,0.016043909434462968,0.0,0.04262246274746913,-0.00015175427505116518,0.02760095110487538,32.63534822093578,4.003139520133647,2.7036588188079187,13.901349528222097,80,0.23229834859107576,0.07211909362031776,16.317674110467895,89.53645155291053,26.30750363606352,46.0,-0.2944521801531832,0.021136145159892896,0.36257792483734286,0.47928261703681396,0.1352251207809193,0.001778192185031005,56042.0,255,114.73891930473098,113.0,0.7642760777453679,1.0,4,72,0.45070776999847345,0.9700941936783135,117,78.0,90.0,68.0,113.0,136.0,159.0,169.0,251,0.2306710749421808,2130828062987.9893,193519040004.68866,32.21289082572727,109243.0,1037.6703353502241,83.13741371375977,18.028695610887812,rong
0.462181441614648,7039.033966222146,1231.3033707865168,0.6903591562205446,0.9157014142732876,0.537818558385352,0.04979763265272443,1317.8638265301786,814.5895134757574,1.0194550398773565,0.28576909245904314,0.19064613150370696,1.1860912890332707,0.09999958742640719,0.8337105104666654,0.780228728623771,0.7787782852824389,0.7769131493828444,0.0009403205424810954,0.9794084648715566,0.4363708519451142,0.09103506841912262,0.24808167699081243,0.9977556906485723,0.9892568002557489,0.9759023643133199,0.00610105216538393,0.11654576756422158,0.06320319146972474,0.02247215949665142,0.0262649228741778,0.8833055692249263,0.8824839949500278,0.8814267691548995,0.0005328597168885106,0.9912184030128636,0.981664253555592,0.9722520956878933,0.005447853280787908,0.00044509409954235867,0.056577006194674456,0.023026587925496972,0.05813605457537828,0.600551617506999,0.016282256469707178,0.0,0.041108398421681194,-9.469777406839057e-05,0.026624422748745404,33.474012287021495,4.034698839588806,2.8074516367952254,13.81779512420528,80,0.21714451417733419,0.07062470257145284,16.737006143510747,98.68965517241378,24.941226019849438,47.0,-0.18385475031505205,0.024845181759296314,0.3672358807002199,0.4832391977919061,0.12185361063779751,0.002826129110780135,56535.0,255,114.05755814193357,112.0,0.7595562358435686,1.0,12,89,0.4521228974218276,0.9726242403226689,116,77.0,89.0,66.0,112.0,136.0,157.0,169.0,243,0.223204634506866,2103133494805.713,191329759989.11465,32.59412488117259,109586.0,1062.376976769474,82.07817973964671,17.003773202577115,rong
0.4609726009877012,5968.350970900558,878.8629032258065,0.5896129013727716,0.9457209314635108,0.5390273990122988,0.04951708260961049,1320.5132629295922,814.662099024802,1.0203800732251167,0.29051435076734555,0.19579504994203342,1.1921104065920958,0.0999913359545509,0.8334174473981226,0.7802149181041768,0.7787645469184773,0.7769006604753936,0.0009396562976515652,0.9386238780563294,0.41786367870548785,0.08534537664292746,0.23896375119898589,0.9978644771067505,0.9895585325839137,0.9765603024413877,0.00596478851794029,0.11897438873413804,0.0651809260656573,0.023867562194815974,0.026588999567207824,0.8832977516693772,0.8824762112234886,0.8814196846425622,0.0005324876655661457,0.9903480551742706,0.9804491284071428,0.9708039746291875,0.005613463464304433,0.0005187748894120752,0.055655286046070646,0.02393748402913715,0.05659990136163506,0.6194356300760929,0.016926357281547552,0.0,0.04002217406730186,-7.249160716101554e-05,0.026053151987870417,33.918737809151395,4.039909658969025,2.9603326747792806,13.685033067773462,96,0.23913943718897593,0.07121405639370833,16.959368904575697,96.30769230769232,23.823850044768005,47.0,-0.029136135744205927,0.028909031648520305,0.37691485718765083,0.48366827432843335,0.10527640367850616,0.00523143315688936,56064.0,221,113.00868467412874,111.0,0.7546878674483561,1.0,11,124,0.4496185757134429,0.9749493021591316,115,76.0,89.0,64.0,111.0,136.0,155.0,169.0,210,0.2449903145954767,2061285348395.2498,189688486334.86194,32.830644662081326,108979.0,1077.851228927849,82.42748091603053,15.545641427857568,rong
0.4516401863182345,5615.015625516772,811.5648854961833,0.6691021307191518,0.9279596671164875,0.5483598136817655,0.05227307420961214,1322.3967334365545,814.7092705892227,1.0215303578986972,0.2972677199438409,0.20091921396479098,1.202407938672812,0.0999913359545509,0.8252739500540845,0.7802158188215269,0.7787655614765644,0.7769001541637456,0.0009400753113049497,0.941346525843392,0.4197357173158622,0.08604018296566496,0.23927395554092842,0.9978210733761237,0.9893850038986255,0.9762082468720803,0.006044671647821804,0.12023464097802535,0.06586067817061893,0.02416092486441626,0.02685288548109845,0.8832982615297773,0.8824767859160246,0.8814193974287982,0.0005327249639204652,0.990223778995089,0.980297009426947,0.9705208565553516,0.005636643190044799,0.0004761341951429411,0.055799408884441765,0.024244464342207266,0.0567681472241099,0.6405750612328216,0.017143425142610205,0.0,0.04014114185756439,-9.214952540688848e-05,0.026393320430344522,34.89588626002937,4.049482024524583,3.1702562388325455,13.564210891117703,88,0.28554030982820505,0.07176870774196037,17.447943130014686,87.33146067415731,22.948441734444927,45.0,0.1681310108582772,0.03433850012996068,0.3789488450002269,0.4841303567523857,0.09357169085035544,0.009010607267071263,52995.0,222,112.07536894393537,110.0,0.7468077118255969,1.0,15,131,0.43862761520086146,0.9690354136293091,115,75.0,89.0,61.0,110.0,134.0,153.0,170.0,207,0.28684349539818016,2027501495542.538,186702641536.74115,33.3163893908011,106315.0,1109.981802039484,82.97137404580153,13.216654143959607,rong
0.48142799971944994,5989.973630150506,880.3100775193799,0.6749580472982823,0.933928625250578,0.5185720002805501,0.05843279795033439,1325.2313170607638,814.5188061074143,1.0256340260655161,0.3052574512041794,0.2056761874899435,1.1990841845720324,0.09999958742640719,0.8172507925325819,0.7802251186684319,0.7787722896119927,0.7769021127013757,0.0009413456840849354,0.9389836737852058,0.41823943984035905,0.0860836083608361,0.23857111335079811,0.9977783046753247,0.9892206868803225,0.9758143882836471,0.006142095982667104,0.12098808418446302,0.06630324797848704,0.024495782911624502,0.026909634381682333,0.8833035257873886,0.882480597549315,0.8814205084415586,0.0005334425899474797,0.9901002638872497,0.9801610155844401,0.9702556878565479,0.0056178446325159115,0.0004291695678275428,0.05592535046417431,0.024367920723208748,0.05695708941426212,0.6402080892486504,0.017230721986797107,0.0,0.040274744161473267,-0.0001004212214589071,0.026647072999420526,35.940222236393005,4.0557049488529175,3.355976921014262,13.418555909910431,88,0.342160495310191,0.07275835424098567,17.970111118196506,91.93121693121692,21.852680909433126,44.0,0.36012970242925046,0.03741217339642959,0.3825836183529237,0.4816384122517854,0.08737483548627986,0.010990960512581431,54369.0,232,110.8240579913442,109.0,0.7358910145597221,1.0,7,129,0.4685185720002806,0.9698221204649524,112,71.0,88.0,58.0,109.0,132.0,152.0,174.0,225,0.34747325845301436,2001160387801.2583,184803013839.35034,33.82986947759448,113560.0,1144.4600688710784,74.97529069767441,13.744332622005736,rong
0.482756486688313,5965.922908554709,893.2109375,0.6737758509137041,0.9320150899337855,0.5172435133116869,0.06005833790602399,1326.665361124369,814.7264662449711,1.0282950380911564,0.3140524142607201,0.2103011374653954,1.2026397040172832,0.09999958742640719,0.8167338692043278,0.7802237878851571,0.7787717171084391,0.7769015276559881,0.0009413750214870085,0.9640707211389663,0.43405194558233395,0.09220079902727116,0.2440783258882874,0.9975907479586987,0.9886735914031283,0.9748585264114537,0.006362115462013527,0.12160708758898175,0.06679644775288793,0.024618339026885143,0.02707903345370858,0.883302772488096,0.8824802731672764,0.8814201765650637,0.0005334595093083375,0.9902160500110588,0.9803578896891993,0.9705783799576463,0.005570398879646562,0.0003423228265400669,0.0568743567539236,0.024551912935492335,0.05840197611414014,0.6693695209341066,0.017360824127788346,0.0,0.04129643334500326,-8.033859510278379e-05,0.02790647142597186,37.320478551928204,4.080583885916404,3.50804058015097,13.283796997289391,88,0.36928008147154057,0.07162158090864382,18.6602392759641,80.91666666666667,20.806135381820123,41.0,0.5102732449623355,0.043530639777870375,0.37995139883076645,0.4790144442014844,0.08479212479526035,0.01271139239461839,55129.0,244,109.80748903585678,109.0,0.7296405246285806,1.0,4,128,0.47169951440088126,0.9665707463417621,111,70.0,88.0,54.0,109.0,129.0,151.0,177.0,240,0.3714069032499249,1969260978732.858,183053815439.0362,34.4853070387589,114331.0,1189.236401557474,81.57727272727273,15.06793722275755,rong
0.4920889013577797,7538.077094063291,1215.375,0.7123113315020623,0.9118906210640906,0.5079110986422203,0.061667374918001,1325.5282059564781,814.6366564284343,1.0284634372107375,0.3241259957786625,0.21943551681031104,1.2027580650690801,0.09997070727491016,0.8138348932085433,0.7802332291834061,0.7787807928803976,0.7769089976122261,0.0009418067480844624,0.9873810352831938,0.445639415124602,0.0954403335070349,0.24961177039625454,0.9974989694097736,0.9883379953468917,0.9741770805116946,0.006524864651319216,0.12099582172701948,0.06644895714302138,0.0244523575164534,0.027022954571680656,0.8833081167879111,0.8824854152015323,0.8814244140096337,0.0005337012051666717,0.9905012068355706,0.9809153197172228,0.9713644631738696,0.005459640185983149,0.0002573164870636742,0.05770868136108967,0.024404716948247408,0.059949509173174334,0.664708774358912,0.01725674084704401,0.0,0.042390704465156706,-8.871950181172385e-05,0.02931156550012798,39.4010436257146,4.107326325136059,3.595094523652548,13.222587579059415,88,0.3563659771264355,0.07093125679716902,19.700521812857303,76.08658637873754,20.221240891117976,42.0,0.5961682788980545,0.052842425767696315,0.36889030080740653,0.48328458088711573,0.08076540652938968,0.014217286008391746,64565.0,255,109.27834277439239,109.0,0.718897108271688,1.0,1,96,0.4813743651523841,0.9650913641194419,110,69.0,87.0,49.0,109.0,129.0,151.0,180.0,254,0.35264453858949335,1938687805874.0835,178949321456.43182,35.4199516720332,116676.0,1254.5729764491673,79.16136363636363,13.178832299784558,rong
0.5009922394907191,8393.902905121802,1696.0714285714287,0.6787919538583341,0.9285129803294995,0.49900776050928086,0.07773299062220224,1330.883618397193,816.6446936258775,1.0261949884186143,0.29051510364675315,0.14361686765876863,1.1824720993893452,0.09997895874676646,0.816087597388924,0.7802138962732235,0.7787749903168636,0.7769130912089217,0.0009365614419584237,1.1932547972763852,0.5213536876815718,0.1006494509100033,0.3060527237639123,0.9977364286356637,0.9882911398591538,0.9732174321632824,0.006866403652417946,0.12669935778396782,0.06718801840726048,0.022901588404454484,0.028904890038266573,0.8832971732510092,0.8824821293609708,0.8814267361550373,0.0005307309962450622,0.9912298445386383,0.9818135118062553,0.9723587940430092,0.005354393199142182,0.0008248802262456516,0.06287382598419891,0.02455456462762605,0.06463072761918616,0.6845412285460917,0.017362699157277707,0.0,0.04570082577254723,-0.0001119126094705377,0.02874450644778167,37.611153275778854,4.111968927538301,3.233232890748852,14.442377909159546,96,0.28231415293347384,0.06871122171779075,18.805576637889423,86.93087557603688,20.411384550600452,44.0,0.2477216112773899,0.02583123264612325,0.30551074547922485,0.5119419426440192,0.14077836134020405,0.015937717890428704,51509.0,255,119.05147268143955,119.0,0.7786501417190291,1.0,11,70,0.4898279980691556,0.9729543061697199,119,78.0,96.0,63.0,119.0,140.0,163.0,181.0,244,0.2898962473372836,2093997861053.2925,208232454727.32684,34.58625092825216,118725.0,1196.2087532720234,86.48314020539293,18.006545821333056,rong
0.4828183727272352,7810.659841753463,1581.9444444444443,0.6938554574679798,0.8743445501876891,0.5171816272727647,0.08238682074915113,1335.6841584087647,816.9971847615465,1.0264881474978051,0.30292928269670977,0.1486873971144603,1.1946356453028972,0.09998721021862275,0.808595258999122,0.7802350949345652,0.7787929696350302,0.776923329607972,0.0009391331449524113,1.199913919839059,0.5243706302056635,0.10121301603844593,0.3075781036997759,0.9976924436177498,0.9880614119188947,0.9726975683228609,0.006995508630128814,0.12814724543484984,0.0679612467361831,0.023254781618512726,0.02920168922279165,0.8833091729029905,0.8824923152168682,0.8814325439918655,0.0005321824891743972,0.9911291900177932,0.9816672706449067,0.9719964015398245,0.005387385548368385,0.0006637945072864138,0.06335097475565665,0.024676367119598273,0.06527143688939761,0.7006615207824055,0.017448826525316694,0.0,0.04615387564228282,-0.00013945391921048612,0.029248546883434593,39.89911358206043,4.13899456819877,3.5785183717829656,14.280521162962444,96,0.3390690911270582,0.06993050221106209,19.94955679103021,75.3467336683417,17.815089558259483,42.0,0.6017119401474829,0.035997045973075445,0.3015294103085638,0.5167608022080938,0.12789368803660353,0.017819053473663363,50149.0,255,117.75157293682261,117.0,0.7689257821363886,1.0,8,72,0.46992132221585026,0.9704302019315189,119,76.0,96.0,58.0,117.0,138.0,163.0,182.0,247,0.3417177247882373,2047916227784.0886,205949717102.7984,35.67039952919027,113900.0,1272.3774025720572,70.93418145594381,18.249148594960225,rong
0.4791175875996881,7128.263049255056,1413.275,0.6692840882012117,0.9070697297710503,0.5208824124003119,0.0776215957521423,1338.4277123333345,817.2515967469031,1.0313456333693019,0.31968781849462596,0.16785556623662745,1.2025348923599442,0.0999913359545509,0.79900408625356,0.7802135905917733,0.7787806369402043,0.7769187118249393,0.0009351103364301821,1.2364099736923553,0.5500489591016506,0.11050219056993421,0.3153823842297802,0.9974485385197671,0.9873170748990848,0.9715085473751234,0.007264210744855745,0.12880300216651192,0.06967846843719284,0.024745720186053696,0.029055845170897165,0.883297000216673,0.8824853291351317,0.8814299245118351,0.0005299070317693398,0.9908538537203467,0.9817625921616967,0.9725868799529269,0.005160879732772736,0.0004101062409360219,0.06476542372475805,0.02536850772252545,0.06767221705178306,0.7205355456260105,0.01793824383918105,0.0,0.04785148357524371,-0.00011710618293302754,0.03206786761755577,43.58575471422611,4.211541889431193,3.697757838807613,14.115091529451565,120,0.3760584562686914,0.06683426326392647,21.792877357113053,78.16888888888889,16.345879831958296,44.0,0.7313468694347103,0.040593115797030295,0.3167822560349202,0.4943126730230505,0.12540586927193137,0.022906085873067607,52864.0,255,116.44907397857092,116.0,0.7545228380112302,1.0,5,80,0.46646395550806374,0.9674514867948559,118,71.0,94.0,55.0,116.0,138.0,162.0,182.0,250,0.38217924284327337,2006448794200.597,202789128775.72495,37.22735042912553,113062.0,1385.8756199729125,72.55464280052458,18.805568422844324,rong
0.48375078904699625,6758.593202112312,1220.9468085106382,0.6996574830437592,0.9333945168306883,0.5162492109530037,0.06948151876590987,1337.6961805565445,817.4102746181105,1.0314196342217847,0.32711651205810144,0.19169819416538425,1.200498392423041,0.09997895874676646,0.799484181268461,0.7801654091265252,0.7787377166618881,0.7768823832066419,0.0009314592901765432,1.2136296812132468,0.5581814035552178,0.12501978268002237,0.3041096525368433,0.9971007879924798,0.987073458601738,0.971912002555972,0.007034544934257335,0.1293475317239245,0.07262342211353702,0.028199486615328194,0.028389281440796013,0.8832697261462804,0.8824610121890735,0.8814093164963949,0.0005278523697141225,0.9899165223037409,0.9810804310090148,0.972297712166489,0.0050269949217528,0.00014716742746046155,0.06468197558379397,0.0266661614683081,0.06888750586177782,0.7158534588505183,0.01885582360245608,0.0,0.04871082253389114,-5.119148422217452e-05,0.03567618795594719,45.0131221647855,4.22948547919195,3.7683859063035823,14.041389382831163,120,0.4081683801076245,0.06465064171357231,22.50656108239275,83.5415019762846,15.286395365252666,45.0,0.7964810227654118,0.03122769524013846,0.3244437476534877,0.5011118858326354,0.11373003659527768,0.02948663467846077,59694.0,255,115.88677330318795,115.0,0.7388202870687058,1.0,0,94,0.4735065867374093,0.9641715097282367,117,72.0,92.0,57.0,115.0,137.0,161.0,184.0,255,0.41670796704416324,1972307883881.517,201676799283.45288,37.90847707987791,114769.0,1437.052634515629,86.5640788377903,18.72766315702975,rong
0.5280941988027115,6021.806927051207,847.0472972972973,0.63444570324369,0.9263842803824852,0.4719058011972886,0.07159802129704886,1334.276887776285,817.2382161894259,1.0329124223255666,0.34925420459816164,0.22184907232827655,1.1986630824086852,0.09999958742640719,0.8149693290683854,0.7801457349333969,0.7787104498506587,0.7768627158415491,0.0009314550955583765,1.255290544722996,0.595296560410233,0.14535637774303747,0.31182543234421417,0.9966138085693727,0.9861509504797308,0.9708154377496698,0.0072454984912078664,0.13610820953265243,0.0795871766195414,0.03366529635419682,0.02909837278074246,0.883258588938368,0.8824455627495498,0.8813981596540517,0.0005278582094813171,0.9881094459916413,0.9790175163038768,0.9703842173075391,0.005149505628350862,2.764647555772368e-05,0.06629529922127683,0.029381625343791448,0.07229086392006459,0.6985216717837444,0.02077594652287745,0.0,0.05111736009571159,-4.897086753143696e-05,0.04116040637360275,50.27730989920029,4.266326264822327,3.7392769469754525,13.89444304627838,128,0.26181060280949414,0.06472536866534721,25.138654949600145,91.4196235833783,17.71851694378291,48.0,0.7675348341302124,0.05625028364434506,0.3008445381444915,0.5131920406302474,0.09704968623778266,0.03266345134313333,67445.0,255,114.69320615064713,115.0,0.7065529063746746,1.0,0,148,0.5172146331601899,0.9586879701347287,113,70.0,88.0,48.0,115.0,136.0,160.0,190.0,255,0.2717982254274148,1922964358162.69,199040847575.69305,40.05708449044978,125363.0,1604.5700178750324,77.30683381745911,16.77610609987576,rong
0.5494118763434428,10537.970115298493,1117.2136752136753,0.6351712018082116,0.9161030692322164,0.45058812365655726,0.0747459578102244,1330.9985403527462,818.8663542769946,1.0360864176752298,0.36205563236173727,0.21476105800372142,1.1886561500680877,0.09999958742640719,0.8112061447128847,0.7801275825556055,0.7786788821950466,0.7768210324462271,0.0009365425110759925,1.19694173630455,0.5857695735670926,0.15125547642483544,0.29773710987734486,0.996527658849219,0.9865707908762347,0.9725770172550285,0.00681724721754484,0.13471932064376357,0.08067390426526105,0.03533862158145639,0.02871437539248877,0.8832483130782677,0.882427674371988,0.881374513158979,0.0005307518167650302,0.987462976293337,0.9782368271925573,0.9697076476934596,0.005276099135207291,0.00011224428628044745,0.06481990264583955,0.03030417059142279,0.07218538031344782,0.7071835773491066,0.02142828452342901,0.0,0.05104277192216886,-9.046687232246801e-05,0.04390252070417195,54.42557222711122,4.336000667214549,3.5656580111673306,13.933196083851456,128,-0.005667462342957243,0.06076508567414697,27.212786113555612,92.39236953083817,20.07313235806892,52.0,0.5902127152086654,0.07331020170722953,0.28108638878459946,0.49824037362664564,0.1224683452910913,0.02489469059043407,114160.0,255,115.00582966486647,117.0,0.7104929841860542,1.0,0,117,0.5392914461117002,0.9592545557476628,112,64.0,88.0,38.0,117.0,140.0,161.0,184.0,255,-0.005253381015232428,1932553357070.61,195882394302.55524,41.638508388220025,130714.0,1733.765380795869,62.93167506297229,12.80477863672748,rong
0.47048242230207815,10574.677532728085,2202.6862745098038,0.636055204116593,0.9252020563407893,0.5295175776979218,0.06604890647369224,1322.2070469589275,814.9357848501194,1.0172071534757026,0.28954905006907455,0.167645153704292,1.1707006596223861,0.09999958742640719,0.8308126440976704,0.7802257694187923,0.7787874357650094,0.7769307257453876,0.0009352957420256672,1.2269624342308882,0.5294234261675391,0.09706347827765234,0.31763824384979134,0.9977161608456581,0.9875602953385139,0.9711877456192471,0.007456016888476497,0.1254574822036521,0.06599267617928595,0.021602686584447924,0.02888210166827337,0.8833038941490026,0.882489181154915,0.8814367395028344,0.0005300089972975444,0.9916905226430381,0.9822587006655471,0.9730105906388035,0.005275261814892315,0.0008084217757636638,0.06372946077514396,0.023686352469194268,0.06504268258109214,0.6473380265124333,0.016748780452541995,0.0,0.045992121919654384,-0.00015302839938191617,0.027008752590418766,35.67436161687036,4.075067566290046,2.85377969282618,14.112731608500667,104,0.17763173885149833,0.06947035651578855,17.837180808435182,76.39860139860141,21.41592272102534,48.0,-0.153775763331101,0.029342233920975656,0.3155197808409075,0.51879479002067,0.1311076363246294,0.005235558892817506,66604.0,254,116.44127633766674,114.0,0.7663059398220158,1.0,10,51,0.46347279696015775,0.9799531766025441,118,77.0,91.0,64.0,114.0,139.0,162.0,175.0,244,0.1818878338451629,2094985562377.3684,202880899347.41626,33.7154609552975,112337.0,1136.73230742819,84.21351735973045,20.352864196340217,rong
0.4551841934805121,10196.267043756749,2164.82,0.6478693390272867,0.9193265096462616,0.5448158065194879,0.06577248216650645,1329.9278842962822,815.5036849163323,1.0183849003612309,0.300806845412909,0.18299701709292396,1.1856690163616375,0.09999958742640719,0.8172226790218124,0.7802433623586867,0.7788035089819951,0.7769416345561077,0.0009367294591613532,1.133251121943671,0.4992526633980014,0.09579063169474844,0.29199164800833355,0.9976510251693179,0.987774263646778,0.9722657207216056,0.007142922189222252,0.1256692974311359,0.06686928910084182,0.022697006542759544,0.0286567234578018,0.8833138526926241,0.882498287372841,0.8814429275659926,0.0005308163503620448,0.9911933849267031,0.9816081512867004,0.9720487740382094,0.005383719204268422,0.0007714600356544477,0.061702341852796744,0.024357386207675347,0.06315200414285481,0.6451702981164764,0.017223272959426918,0.0,0.044655210374933585,-0.00011416558487443723,0.027814936916021077,36.7687171408478,4.084347588210504,3.208880013012471,13.779124601350766,104,0.27819387798584144,0.07058983866367552,18.3843585704239,94.875,18.630188727123798,45.0,0.21866318932360507,0.036516888700021864,0.3391148646139755,0.5092354598751553,0.10599015599407545,0.009142630816771942,63223.0,255,113.75197725894357,112.0,0.7512305007405696,1.0,12,50,0.446573782598471,0.9803955987102854,116,75.0,90.0,58.0,112.0,135.0,159.0,176.0,243,0.2765481624470186,2002552470571.5437,198698821657.11993,34.21737344175184,108241.0,1170.8286452523039,86.02775233248516,20.546480396227725,rong
0.5356607984949315,7658.0986076832405,1583.3,0.7124830822337287,0.9161860136768976,0.46433920150506847,0.07016226519405398,1325.9278733087951,814.0212792245176,1.014558201225289,0.2752261062606836,0.18208522945280364,1.176095812543422,0.09995420433119757,0.8314832943851449,0.7802444207191189,0.7787915677575626,0.7769319529102158,0.000940211497892039,1.1610724233983283,0.5147949911730793,0.10246173740181036,0.29811529876460924,0.9975373659752255,0.9876440514977327,0.9721493836943096,0.007147896341390387,0.1157836196224079,0.06140046897602456,0.019836720514156678,0.02676775684327999,0.8833144517775756,0.8824915205765421,0.8814374356187827,0.0005327927035754343,0.9925063250368329,0.9833355695030691,0.9746623552812463,0.005083638234182065,0.0005680855234317138,0.06082992681268266,0.021483810350794726,0.06208051401425301,0.706185256360838,0.01519134798477269,0.0,0.043897552439024795,-0.00016725005381658487,0.024797452241793222,31.980297600323233,3.966531876332864,2.4569143479417948,14.036884079197627,128,0.12308624940603625,0.07138844660668062,15.99014880016162,84.63090909090909,26.917679206068126,45.0,-0.5517021672666074,0.004422788914972708,0.34220091508822886,0.5258085410985185,0.12743985708450745,0.00012789781377253167,47845.0,236,115.77221399367112,117.0,0.7477525053531424,1.0,35,80,0.5225822156027081,0.980602223204699,114,74.0,91.0,63.0,117.0,136.0,161.0,174.0,201,0.11923759986055349,2156729698037.4722,212054833997.8346,31.863535673408986,126664.0,1015.284905610607,84.30172413793103,21.181860012726798,rong
0.5408633515003238,12239.739535725423,2575.24,0.7618740666043999,0.8915833867975688,0.4591366484996761,0.08179684051142623,1320.5905003868886,814.9365365873699,1.0160140414097327,0.2643470462500572,0.11488111691923046,1.1502539569127537,0.09997070727491016,0.8514623879716066,0.7803040035363398,0.7788485155268815,0.7769752371220499,0.0009447753231272524,1.1631605926957596,0.5100612662737177,0.09663983942253875,0.30053074046124106,0.9978777957462904,0.988814493705824,0.9745077089847799,0.006583946348094081,0.11170883627359948,0.058586857255711916,0.018755910678787176,0.025938475352264016,0.8833481779775967,0.8825237837679741,0.8814619884725886,0.0005353603828389099,0.9929414788634672,0.9842705353320075,0.9756802201832395,0.004904727720583641,0.0007046231136184802,0.060469107104874444,0.020305883053572123,0.06191102551363413,0.5983525376593108,0.014358427605161843,0.0,0.04377770597090405,-0.00017310698089889436,0.024254166506300436,32.50539148877757,3.923641771307889,2.307584932680663,14.721842883724383,128,0.2106803446280969,0.0762367111522344,16.252695744388785,80.93982735807448,25.808022324330132,49.0,-0.7012217318407554,0.0007508839389226053,0.33420523885948156,0.48115982688412046,0.18345084804502004,0.00043320227245534923,72623.0,207,121.31234708991217,122.0,0.8033220425693433,1.0,41,50,0.5312380095799588,0.9835277488700083,119,83.0,93.0,76.0,122.0,142.0,168.0,177.0,166,0.20829405358779315,2255671108159.4023,219133460503.0834,32.068560629523475,128762.0,1028.392580849423,72.05544654088051,18.411379912218777,rong
